45.633,5.026,1.9951e+07
48.163,5.379,1.9951e+07
51.626,6.281,1.9951e+07
54.949,6.769,1.9951e+07
58.429,6.358,1.9951e+07
61.408,5.788,1.9951e+07
64.261,5.19,1.9951e+07
67.23,4.596,1.9951e+07
70.928,3.886,1.9951e+07
74.336,3.27,1.9951e+07
75.897,3.345,1.9951e+07
76.079,3.347,1.9951e+07
76.465,3.335,1.9951e+07
76.844,3.315,1.9951e+07
78.188,3.191,1.9951e+07
78.684,3.139,1.9951e+07
79.306,3.092,1.9951e+07
79.983,3.031,1.9951e+07
80.797,2.966,1.9951e+07
81.459,2.893,1.9951e+07
82.166,2.813,1.9951e+07
82.864,2.774,1.9951e+07
83.315,2.74,1.9951e+07
83.9,2.688,1.9951e+07
84.244,2.687,1.9951e+07
84.782,2.69,1.9951e+07
85.304,2.643,1.9951e+07
85.794,2.668,1.9951e+07
86.325,2.646,1.9951e+07
86.9,2.616,1.9951e+07
87.575,2.588,1.9951e+07
88.385,2.536,1.9951e+07
89.409,2.404,1.9951e+07
90.678,2.265,1.9951e+07
92.069,1.988,1.9951e+07
93.245,1.745,1.9951e+07
94.243,1.636,1.9951e+07
95.138,1.524,1.9951e+07
96.062,1.428,1.9951e+07
96.875,1.352,1.9951e+07
97.653,1.273,1.9951e+07
98.217,1.237,1.9951e+07
98.652,1.177,1.9951e+07
99.308,1.146,1.9951e+07
100.17,1.114,1.9951e+07
101.14,1.041,1.9951e+07
102.27,0.909,1.9951e+07
103.39,0.769,1.9951e+07
104.37,0.677,1.9951e+07
105.31,0.564,1.9951e+07
106.27,0.444,1.9951e+07
107.19,0.348,1.9951e+07
108.19,0.243,1.9951e+07
108.95,0.175,1.9951e+07
111.28,-0.093,1.9951e+07
112.23,-0.153,1.9951e+07
112.94,-0.231,1.9951e+07
113.97,-0.336,1.9951e+07
114.9,-0.423,1.9951e+07
115.87,-0.535,1.9951e+07
117.25,-0.583,1.9951e+07
119.56,-0.82,1.9951e+07
120.33,-1.131,1.9951e+07
121.22,-1.189,1.9951e+07
122.77,-1.214,1.9951e+07
123.8,-1.383,1.9951e+07
124.69,-1.457,1.9951e+07
125.37,-1.472,1.9951e+07
126.09,-1.489,1.9951e+07
126.29,-1.494,1.9951e+07
126.93,-1.464,1.9951e+07
127.41,-1.437,1.9951e+07
128.06,-1.364,1.9951e+07
128.37,-0.96,1.9951e+07
129.11,-0.924,1.9951e+07
129.81,-0.89,1.9951e+07
130.53,-0.884,1.9951e+07
131.18,-0.869,1.9951e+07
131.92,-0.863,1.9951e+07
132.66,-0.851,1.9951e+07
133.49,-0.887,1.9951e+07
134.32,-0.884,1.9951e+07
135.44,-0.897,1.9951e+07
136.35,-0.921,1.9951e+07
137.17,-0.93,1.9951e+07
137.85,-0.945,1.9951e+07
138.47,-0.958,1.9951e+07
139.13,-0.982,1.9951e+07
139.8,-1.028,1.9951e+07
140.47,-1.043,1.9951e+07
141.35,-1.058,1.9951e+07
142.28,-1.086,1.9951e+07
144.94,-1.159,1.9951e+07
145.82,-1.21,1.9951e+07
146.72,-1.229,1.9951e+07
147.53,-1.25,1.9951e+07
147.83,-1.249,1.9951e+07
148.65,-1.283,1.9951e+07
149.6,-1.307,1.9951e+07
150.37,-1.337,1.9951e+07
151.27,-1.39,1.9951e+07
152.13,-1.406,1.9951e+07
152.87,-1.433,1.9951e+07
153.72,-1.473,1.9951e+07
154.62,-1.496,1.9951e+07
155.46,-1.523,1.9951e+07
156.35,-1.589,1.9951e+07
157.27,-1.612,1.9951e+07
158.11,-1.642,1.9951e+07
158.93,-1.687,1.9951e+07
159.76,-1.717,1.9951e+07
160.62,-1.769,1.9951e+07
161.43,-1.808,1.9951e+07
162.25,-1.837,1.9951e+07
163.12,-1.871,1.9951e+07
163.96,-1.916,1.9951e+07
164.83,-1.951,1.9951e+07
165.62,-1.988,1.9951e+07
166.47,-2.025,1.9951e+07
167.28,-2.075,1.9951e+07
168.04,-2.108,1.9951e+07
168.9,-2.151,1.9951e+07
169.62,-2.193,1.9951e+07
170.27,-2.227,1.9951e+07
171.09,-2.249,1.9951e+07
171.94,-2.298,1.9951e+07
172.6,-2.327,1.9951e+07
173.41,-2.391,1.9951e+07
174.58,-2.493,1.9951e+07
175.79,-2.603,1.9951e+07
177.21,-2.755,1.9951e+07
178.65,-2.929,1.9951e+07
182.15,-3.332,1.9951e+07
183.35,-3.543,1.9951e+07
183.9,-3.64,1.9951e+07
184.24,-3.633,1.9951e+07
184.53,-3.618,1.9951e+07
185.02,-3.572,1.9951e+07
185.62,-3.562,1.9951e+07
186.09,-3.454,1.9951e+07
186.4,-3.387,1.9951e+07
186.79,-3.299,1.9951e+07
187.64,-3.277,1.9951e+07
188.51,-3.25,1.9951e+07
189.49,-3.262,1.9951e+07
190.48,-3.262,1.9951e+07
191.41,-3.247,1.9951e+07
192.36,-3.219,1.9951e+07
193.37,-3.235,1.9951e+07
194.34,-3.244,1.9951e+07
195.31,-3.265,1.9951e+07
196.28,-3.275,1.9951e+07
197.23,-3.305,1.9951e+07
198.19,-3.369,1.9951e+07
199.58,-3.419,1.9951e+07
200.34,-3.448,1.9951e+07
201.09,-3.439,1.9951e+07
201.86,-3.442,1.9951e+07
202.5,-3.408,1.9951e+07
203.25,-3.392,1.9951e+07
203.98,-3.364,1.9951e+07
204.68,-3.368,1.9951e+07
205.13,-3.34,1.9951e+07
205.5,-3.331,1.9951e+07
205.88,-3.228,1.9951e+07
206.31,-3.201,1.9951e+07
206.91,-3.193,1.9951e+07
207.53,-3.158,1.9951e+07
208.29,-3.083,1.9951e+07
209.02,-3.043,1.9951e+07
209.76,-3.006,1.9951e+07
212.08,-2.927,1.9951e+07
212.9,-2.894,1.9951e+07
213.74,-2.857,1.9951e+07
214.61,-2.863,1.9951e+07
215.52,-2.827,1.9951e+07
216.43,-2.845,1.9951e+07
217.32,-2.845,1.9951e+07
218.15,-2.839,1.9951e+07
219.05,-2.845,1.9951e+07
219.88,-2.839,1.9951e+07
220.69,-2.845,1.9951e+07
221.56,-2.827,1.9951e+07
222.39,-2.818,1.9951e+07
223.22,-2.833,1.9951e+07
224.12,-2.836,1.9951e+07
224.94,-2.848,1.9951e+07
225.74,-2.845,1.9951e+07
226.51,-2.845,1.9951e+07
227.26,-2.836,1.9951e+07
228.04,-2.83,1.9951e+07
228.85,-2.815,1.9951e+07
229.6,-2.812,1.9951e+07
230.41,-2.796,1.9951e+07
231.19,-2.79,1.9951e+07
231.98,-2.769,1.9951e+07
232.8,-2.754,1.9951e+07
233.57,-2.742,1.9951e+07
234.37,-2.735,1.9951e+07
235.19,-2.726,1.9951e+07
236,-2.702,1.9951e+07
236.8,-2.702,1.9951e+07
237.61,-2.66,1.9951e+07
238.4,-2.653,1.9951e+07
239.2,-2.653,1.9951e+07
240.08,-2.632,1.9951e+07
240.9,-2.626,1.9951e+07
241.69,-2.611,1.9951e+07
242.52,-2.592,1.9951e+07
243.29,-2.577,1.9951e+07
244.13,-2.55,1.9951e+07
246.56,-2.525,1.9951e+07
247.43,-2.519,1.9951e+07
248.28,-2.498,1.9951e+07
249.09,-2.504,1.9951e+07
249.94,-2.48,1.9951e+07
250.76,-2.474,1.9951e+07
251.58,-2.464,1.9951e+07
252.4,-2.458,1.9951e+07
253.23,-2.459,1.9951e+07
254.11,-2.456,1.9951e+07
254.97,-2.45,1.9951e+07
255.83,-2.443,1.9951e+07
256.66,-2.45,1.9951e+07
257.53,-2.45,1.9951e+07
258.38,-2.446,1.9951e+07
259.25,-2.446,1.9951e+07
260.09,-2.453,1.9951e+07
260.9,-2.468,1.9951e+07
261.76,-2.471,1.9951e+07
262.61,-2.477,1.9951e+07
263.46,-2.48,1.9951e+07
264.32,-2.495,1.9951e+07
265.14,-2.504,1.9951e+07
265.97,-2.517,1.9951e+07
266.82,-2.529,1.9951e+07
267.66,-2.535,1.9951e+07
268.54,-2.556,1.9951e+07
269.33,-2.575,1.9951e+07
270.17,-2.581,1.9951e+07
270.97,-2.596,1.9951e+07
271.79,-2.611,1.9951e+07
272.64,-2.633,1.9951e+07
273.42,-2.648,1.9951e+07
274.27,-2.645,1.9951e+07
275.13,-2.678,1.9951e+07
275.97,-2.681,1.9951e+07
276.82,-2.703,1.9951e+07
277.62,-2.718,1.9951e+07
278.44,-2.724,1.9951e+07
279.27,-2.745,1.9951e+07
282.63,-2.825,1.9951e+07
283.43,-2.84,1.9951e+07
284.29,-2.856,1.9951e+07
285.16,-2.877,1.9951e+07
285.98,-2.892,1.9951e+07
286.81,-2.92,1.9951e+07
287.64,-2.935,1.9951e+07
288.53,-2.953,1.9951e+07
289.35,-2.974,1.9951e+07
290.2,-2.99,1.9951e+07
290.98,-3.017,1.9951e+07
291.84,-3.032,1.9951e+07
292.69,-3.054,1.9951e+07
293.53,-3.069,1.9951e+07
294.38,-3.084,1.9951e+07
295.2,-3.106,1.9951e+07
296.04,-3.127,1.9951e+07
296.87,-3.155,1.9951e+07
297.68,-3.161,1.9951e+07
298.51,-3.194,1.9951e+07
299.31,-3.203,1.9951e+07
300.12,-3.231,1.9951e+07
300.95,-3.246,1.9951e+07
301.75,-3.279,1.9951e+07
302.57,-3.279,1.9951e+07
303.36,-3.295,1.9951e+07
304.17,-3.31,1.9951e+07
304.96,-3.322,1.9951e+07
305.76,-3.353,1.9951e+07
306.61,-3.359,1.9951e+07
307.43,-3.399,1.9951e+07
308.26,-3.408,1.9951e+07
309.08,-3.42,1.9951e+07
309.91,-3.435,1.9951e+07
310.69,-3.457,1.9951e+07
311.49,-3.475,1.9951e+07
312.32,-3.496,1.9951e+07
313.18,-3.499,1.9951e+07
314.04,-3.518,1.9951e+07
314.84,-3.545,1.9951e+07
317.3,-3.579,1.9951e+07
318.16,-3.594,1.9951e+07
318.95,-3.612,1.9951e+07
319.74,-3.646,1.9951e+07
320.56,-3.643,1.9951e+07
321.39,-3.661,1.9951e+07
322.22,-3.667,1.9951e+07
323.05,-3.682,1.9951e+07
323.87,-3.695,1.9951e+07
324.72,-3.722,1.9951e+07
325.51,-3.728,1.9951e+07
326.35,-3.734,1.9951e+07
327.19,-3.75,1.9951e+07
328,-3.768,1.9951e+07
328.84,-3.789,1.9951e+07
329.64,-3.796,1.9951e+07
330.44,-3.823,1.9951e+07
331.29,-3.829,1.9951e+07
332.09,-3.841,1.9951e+07
332.93,-3.85,1.9951e+07
333.8,-3.863,1.9951e+07
334.68,-3.875,1.9951e+07
335.52,-3.884,1.9951e+07
336.31,-3.914,1.9951e+07
337.15,-3.92,1.9951e+07
337.96,-3.92,1.9951e+07
338.75,-3.942,1.9951e+07
339.59,-3.948,1.9951e+07
340.39,-3.966,1.9951e+07
341.18,-3.976,1.9951e+07
342,-3.988,1.9951e+07
342.86,-3.994,1.9951e+07
343.68,-4.015,1.9951e+07
344.55,-4.015,1.9951e+07
345.32,-4.046,1.9951e+07
346.14,-4.034,1.9951e+07
346.95,-4.061,1.9951e+07
347.75,-4.067,1.9951e+07
348.62,-4.085,1.9951e+07
349.42,-4.091,1.9951e+07
351.79,-4.125,1.9951e+07
352.66,-4.149,1.9951e+07
353.46,-4.156,1.9951e+07
354.3,-4.162,1.9951e+07
355.12,-4.174,1.9951e+07
355.93,-4.183,1.9951e+07
356.75,-4.195,1.9951e+07
357.57,-4.22,1.9951e+07
358.42,-4.208,1.9951e+07
360.02,-4.232,1.9951e+07
360.83,-4.244,1.9951e+07
361.68,-4.25,1.9951e+07
362.47,-4.259,1.9951e+07
363.77,-4.284,1.9951e+07
364.87,-4.284,1.9951e+07
365.67,-4.29,1.9951e+07
366.51,-4.296,1.9951e+07
368.22,-4.315,1.9951e+07
368.95,-4.327,1.9951e+07
369.76,-4.327,1.9951e+07
370.57,-4.339,1.9951e+07
371.37,-4.345,1.9951e+07
372.18,-4.351,1.9951e+07
372.96,-4.358,1.9951e+07
373.76,-4.364,1.9951e+07
374.58,-4.364,1.9951e+07
375.32,-4.376,1.9951e+07
376.17,-4.388,1.9951e+07
376.97,-4.382,1.9951e+07
377.81,-4.388,1.9951e+07
378.6,-4.412,1.9951e+07
379.37,-4.406,1.9951e+07
380.19,-4.406,1.9951e+07
380.98,-4.412,1.9951e+07
381.83,-4.425,1.9951e+07
382.64,-4.425,1.9951e+07
383.44,-4.434,1.9951e+07
387.26,-4.458,1.9951e+07
388.26,-4.471,1.9951e+07
389.05,-4.471,1.9951e+07
389.85,-4.471,1.9951e+07
390.75,-4.477,1.9951e+07
391.49,-4.471,1.9951e+07
392.32,-4.477,1.9951e+07
393.15,-4.48,1.9951e+07
394.77,-4.48,1.9951e+07
396.23,-4.486,1.9951e+07
397.45,-4.511,1.9951e+07
399.35,-4.626,1.9951e+07
400.26,-4.672,1.9951e+07
401.1,-4.745,1.9951e+07
401.66,-4.776,1.9951e+07
402.27,-4.782,1.9951e+07
402.93,-4.785,1.9951e+07
403.65,-4.773,1.9951e+07
405.18,-4.718,1.9951e+07
405.96,-4.721,1.9951e+07
407.57,-4.672,1.9951e+07
408.46,-4.672,1.9951e+07
410.3,-4.669,1.9951e+07
411.73,-4.67,1.9951e+07
412.91,-4.664,1.9951e+07
413.69,-4.667,1.9951e+07
414.49,-4.673,1.9951e+07
415.44,-4.679,1.9951e+07
416.25,-4.685,1.9951e+07
417.63,-4.691,1.9951e+07
418.38,-4.712,1.9951e+07
421.08,-4.737,1.9951e+07
421.93,-4.746,1.9951e+07
423.57,-4.764,1.9951e+07
424.43,-4.771,1.9951e+07
425.21,-4.777,1.9951e+07
426.04,-4.792,1.9951e+07
427.71,-4.816,1.9951e+07
428.55,-4.822,1.9951e+07
429.39,-4.835,1.9951e+07
430.22,-4.838,1.9951e+07
430.98,-4.844,1.9951e+07
431.75,-4.856,1.9951e+07
432.57,-4.862,1.9951e+07
433.37,-4.881,1.9951e+07
434.2,-4.89,1.9951e+07
434.98,-4.902,1.9951e+07
435.79,-4.896,1.9951e+07
436.6,-4.914,1.9951e+07
437.38,-4.914,1.9951e+07
438.16,-4.929,1.9951e+07
438.96,-4.935,1.9951e+07
439.76,-4.942,1.9951e+07
440.54,-4.948,1.9951e+07
441.36,-4.954,1.9951e+07
442.11,-4.975,1.9951e+07
442.93,-4.981,1.9951e+07
443.73,-5,1.9951e+07
444.54,-5,1.9951e+07
445.38,-5.015,1.9951e+07
446.18,-5.045,1.9951e+07
446.98,-5.033,1.9951e+07
447.83,-5.036,1.9951e+07
448.64,-5.055,1.9951e+07
449.46,-5.055,1.9951e+07
450.29,-5.076,1.9951e+07
451.1,-5.088,1.9951e+07
451.9,-5.092,1.9951e+07
452.71,-5.092,1.9951e+07
455.18,-5.119,1.9951e+07
456.01,-5.134,1.9951e+07
456.78,-5.14,1.9951e+07
457.59,-5.152,1.9951e+07
458.39,-5.156,1.9951e+07
459.2,-5.168,1.9951e+07
460,-5.177,1.9951e+07
460.8,-5.177,1.9951e+07
461.67,-5.186,1.9951e+07
462.56,-5.205,1.9951e+07
463.4,-5.214,1.9951e+07
464.18,-5.22,1.9951e+07
465.04,-5.22,1.9951e+07
465.83,-5.241,1.9951e+07
466.62,-5.248,1.9951e+07
467.42,-5.241,1.9951e+07
468.23,-5.251,1.9951e+07
469.02,-5.263,1.9951e+07
469.86,-5.272,1.9951e+07
470.66,-5.278,1.9951e+07
471.49,-5.278,1.9951e+07
472.35,-5.293,1.9951e+07
473.14,-5.299,1.9951e+07
474.04,-5.309,1.9951e+07
474.83,-5.336,1.9951e+07
475.61,-5.348,1.9951e+07
476.4,-5.345,1.9951e+07
477.17,-5.345,1.9951e+07
477.96,-5.361,1.9951e+07
478.73,-5.367,1.9951e+07
479.52,-5.376,1.9951e+07
480.31,-5.376,1.9951e+07
481.07,-5.391,1.9951e+07
481.87,-5.391,1.9951e+07
482.68,-5.388,1.9951e+07
483.49,-5.413,1.9951e+07
484.29,-5.422,1.9951e+07
485.09,-5.422,1.9951e+07
485.87,-5.431,1.9951e+07
486.68,-5.431,1.9951e+07
489.83,-5.471,1.9951e+07
490.64,-5.477,1.9951e+07
491.52,-5.492,1.9951e+07
492.33,-5.486,1.9951e+07
493.98,-5.508,1.9951e+07
494.78,-5.517,1.9951e+07
495.62,-5.526,1.9951e+07
496.46,-5.532,1.9951e+07
498.11,-5.547,1.9951e+07
498.98,-5.563,1.9951e+07
500.28,-5.569,1.9951e+07
501.15,-5.59,1.9951e+07
502.3,-5.605,1.9951e+07
503.13,-5.596,1.9951e+07
504.13,-5.608,1.9951e+07
504.9,-5.612,1.9951e+07
505.67,-5.624,1.9951e+07
506.48,-5.627,1.9951e+07
507.31,-5.642,1.9951e+07
508.18,-5.654,1.9951e+07
508.95,-5.658,1.9951e+07
509.78,-5.651,1.9951e+07
510.53,-5.673,1.9951e+07
511.35,-5.679,1.9951e+07
512.18,-5.688,1.9951e+07
513,-5.688,1.9951e+07
513.83,-5.697,1.9951e+07
514.58,-5.703,1.9951e+07
515.45,-5.713,1.9951e+07
516.23,-5.734,1.9951e+07
517,-5.734,1.9951e+07
517.84,-5.734,1.9951e+07
518.59,-5.743,1.9951e+07
519.39,-5.758,1.9951e+07
520.19,-5.765,1.9951e+07
520.99,-5.786,1.9951e+07
524.2,-5.81,1.9951e+07
524.99,-5.826,1.9951e+07
525.8,-5.835,1.9951e+07
526.6,-5.829,1.9951e+07
527.38,-5.85,1.9951e+07
528.25,-5.847,1.9951e+07
529.05,-5.847,1.9951e+07
529.87,-5.868,1.9951e+07
530.68,-5.878,1.9951e+07
531.45,-5.887,1.9951e+07
532.3,-5.881,1.9951e+07
533.14,-5.89,1.9951e+07
533.94,-5.899,1.9951e+07
534.78,-5.921,1.9951e+07
535.58,-5.921,1.9951e+07
536.37,-5.93,1.9951e+07
537.2,-5.939,1.9951e+07
538.02,-5.945,1.9951e+07
538.83,-5.954,1.9951e+07
539.67,-5.976,1.9951e+07
540.46,-5.964,1.9951e+07
541.29,-5.973,1.9951e+07
542.13,-5.988,1.9951e+07
542.93,-6.003,1.9951e+07
543.73,-6.006,1.9951e+07
544.56,-6.012,1.9951e+07
545.36,-6.015,1.9951e+07
546.19,-6.015,1.9951e+07
547.04,-6.025,1.9951e+07
547.83,-6.034,1.9951e+07
548.66,-6.049,1.9951e+07
549.43,-6.052,1.9951e+07
550.28,-6.058,1.9951e+07
551.14,-6.074,1.9951e+07
551.9,-6.077,1.9951e+07
552.7,-6.086,1.9951e+07
553.54,-6.107,1.9951e+07
554.33,-6.095,1.9951e+07
555.2,-6.104,1.9951e+07
556.06,-6.126,1.9951e+07
558.44,-6.138,1.9951e+07
559.3,-6.147,1.9951e+07
560.16,-6.156,1.9951e+07
560.92,-6.165,1.9951e+07
561.73,-6.165,1.9951e+07
562.54,-6.168,1.9951e+07
563.37,-6.19,1.9951e+07
564.24,-6.193,1.9951e+07
564.95,-6.199,1.9951e+07
565.79,-6.202,1.9951e+07
566.6,-6.217,1.9951e+07
567.41,-6.22,1.9951e+07
568.24,-6.227,1.9951e+07
569.08,-6.236,1.9951e+07
569.86,-6.239,1.9951e+07
570.67,-6.248,1.9951e+07
571.51,-6.257,1.9951e+07
572.38,-6.267,1.9951e+07
573.14,-6.273,1.9951e+07
573.96,-6.282,1.9951e+07
574.73,-6.285,1.9951e+07
575.51,-6.294,1.9951e+07
576.34,-6.303,1.9951e+07
577.13,-6.297,1.9951e+07
577.92,-6.312,1.9951e+07
578.66,-6.331,1.9951e+07
579.48,-6.331,1.9951e+07
580.27,-6.328,1.9951e+07
581.06,-6.337,1.9951e+07
581.91,-6.358,1.9951e+07
582.7,-6.361,1.9951e+07
583.49,-6.364,1.9951e+07
584.31,-6.364,1.9951e+07
585.1,-6.377,1.9951e+07
585.87,-6.386,1.9951e+07
586.65,-6.392,1.9951e+07
587.45,-6.401,1.9951e+07
588.26,-6.404,1.9951e+07
589.12,-6.413,1.9951e+07
589.95,-6.423,1.9951e+07
593.14,-6.453,1.9951e+07
593.97,-6.463,1.9951e+07
594.77,-6.472,1.9951e+07
595.59,-6.472,1.9951e+07
596.4,-6.475,1.9951e+07
597.22,-6.484,1.9951e+07
598.06,-6.493,1.9951e+07
598.86,-6.511,1.9951e+07
599.66,-6.512,1.9951e+07
600.48,-6.521,1.9951e+07
601.29,-6.518,1.9951e+07
602.06,-6.539,1.9951e+07
602.88,-6.536,1.9951e+07
603.68,-6.545,1.9951e+07
604.47,-6.545,1.9951e+07
605.34,-6.557,1.9951e+07
606.15,-6.573,1.9951e+07
606.95,-6.576,1.9951e+07
607.78,-6.585,1.9951e+07
608.57,-6.585,1.9951e+07
609.33,-6.603,1.9951e+07
610.16,-6.597,1.9951e+07
610.95,-6.606,1.9951e+07
611.75,-6.625,1.9951e+07
612.6,-6.625,1.9951e+07
613.37,-6.634,1.9951e+07
614.18,-6.643,1.9951e+07
615.02,-6.652,1.9951e+07
615.84,-6.662,1.9951e+07
616.72,-6.68,1.9951e+07
617.53,-6.674,1.9951e+07
618.3,-6.689,1.9951e+07
619.08,-6.683,1.9951e+07
619.9,-6.716,1.9951e+07
620.68,-6.71,1.9951e+07
621.49,-6.719,1.9951e+07
622.27,-6.723,1.9951e+07
623.05,-6.726,1.9951e+07
623.87,-6.735,1.9951e+07
624.63,-6.744,1.9951e+07
626.97,-6.765,1.9951e+07
627.74,-6.763,1.9951e+07
628.53,-6.772,1.9951e+07
629.28,-6.775,1.9951e+07
630.09,-6.784,1.9951e+07
630.9,-6.787,1.9951e+07
631.68,-6.796,1.9951e+07
632.5,-6.805,1.9951e+07
633.22,-6.824,1.9951e+07
633.98,-6.827,1.9951e+07
634.76,-6.83,1.9951e+07
635.55,-6.845,1.9951e+07
636.4,-6.833,1.9951e+07
637.14,-6.851,1.9951e+07
637.94,-6.851,1.9951e+07
638.77,-6.861,1.9951e+07
639.5,-6.87,1.9951e+07
640.34,-6.873,1.9951e+07
641.82,-6.885,1.9951e+07
642.59,-6.894,1.9951e+07
643.39,-6.894,1.9951e+07
644.21,-6.904,1.9951e+07
645.01,-6.913,1.9951e+07
645.77,-6.916,1.9951e+07
646.54,-6.931,1.9951e+07
647.32,-6.934,1.9951e+07
648.11,-6.928,1.9951e+07
648.9,-6.937,1.9951e+07
649.69,-6.952,1.9951e+07
650.5,-6.971,1.9951e+07
651.27,-6.965,1.9951e+07
652.02,-6.959,1.9951e+07
652.78,-6.962,1.9951e+07
653.55,-6.98,1.9951e+07
654.37,-6.98,1.9951e+07
655.19,-6.992,1.9951e+07
656.03,-7.001,1.9951e+07
656.82,-6.995,1.9951e+07
657.6,-7.004,1.9951e+07
660.75,-7.038,1.9951e+07
661.52,-7.041,1.9951e+07
662.3,-7.035,1.9951e+07
663.1,-7.06,1.9951e+07
663.85,-7.063,1.9951e+07
664.65,-7.066,1.9951e+07
665.45,-7.075,1.9951e+07
666.23,-7.078,1.9951e+07
667.05,-7.09,1.9951e+07
667.85,-7.093,1.9951e+07
668.63,-7.093,1.9951e+07
669.44,-7.09,1.9951e+07
670.23,-7.109,1.9951e+07
671.01,-7.112,1.9951e+07
671.84,-7.121,1.9951e+07
672.59,-7.124,1.9951e+07
673.37,-7.127,1.9951e+07
674.18,-7.127,1.9951e+07
674.96,-7.13,1.9951e+07
675.81,-7.149,1.9951e+07
676.59,-7.152,1.9951e+07
677.4,-7.161,1.9951e+07
678.21,-7.158,1.9951e+07
678.99,-7.158,1.9951e+07
679.78,-7.176,1.9951e+07
680.61,-7.173,1.9951e+07
681.4,-7.198,1.9951e+07
682.19,-7.192,1.9951e+07
682.97,-7.189,1.9951e+07
683.78,-7.198,1.9951e+07
684.6,-7.201,1.9951e+07
685.42,-7.21,1.9951e+07
686.23,-7.213,1.9951e+07
686.98,-7.232,1.9951e+07
687.77,-7.225,1.9951e+07
688.57,-7.238,1.9951e+07
689.4,-7.238,1.9951e+07
690.19,-7.241,1.9951e+07
690.98,-7.244,1.9951e+07
691.78,-7.247,1.9951e+07
694.92,-7.271,1.9951e+07
695.72,-7.265,1.9951e+07
696.53,-7.284,1.9951e+07
697.35,-7.302,1.9951e+07
698.15,-7.305,1.9951e+07
698.94,-7.308,1.9951e+07
699.72,-7.302,1.9951e+07
700.49,-7.305,1.9951e+07
701.33,-7.324,1.9951e+07
702.13,-7.327,1.9951e+07
702.96,-7.33,1.9951e+07
703.76,-7.33,1.9951e+07
704.54,-7.333,1.9951e+07
705.34,-7.345,1.9951e+07
706.12,-7.348,1.9951e+07
706.9,-7.348,1.9951e+07
707.72,-7.351,1.9951e+07
708.52,-7.37,1.9951e+07
709.36,-7.363,1.9951e+07
710.17,-7.376,1.9951e+07
710.97,-7.379,1.9951e+07
711.75,-7.382,1.9951e+07
712.53,-7.382,1.9951e+07
713.36,-7.394,1.9951e+07
714.17,-7.397,1.9951e+07
714.96,-7.4,1.9951e+07
715.77,-7.4,1.9951e+07
716.57,-7.413,1.9951e+07
717.39,-7.416,1.9951e+07
718.21,-7.425,1.9951e+07
719.01,-7.419,1.9951e+07
719.77,-7.422,1.9951e+07
720.59,-7.434,1.9951e+07
721.4,-7.434,1.9951e+07
722.2,-7.446,1.9951e+07
723.05,-7.449,1.9951e+07
723.83,-7.452,1.9951e+07
724.62,-7.462,1.9951e+07
725.45,-7.471,1.9951e+07
726.25,-7.474,1.9951e+07
728.67,-7.483,1.9951e+07
729.44,-7.492,1.9951e+07
730.24,-7.495,1.9951e+07
731.04,-7.499,1.9951e+07
731.87,-7.517,1.9951e+07
732.67,-7.511,1.9951e+07
733.49,-7.514,1.9951e+07
734.28,-7.517,1.9951e+07
735.06,-7.52,1.9951e+07
735.88,-7.523,1.9951e+07
736.67,-7.532,1.9951e+07
737.51,-7.535,1.9951e+07
738.28,-7.538,1.9951e+07
739.1,-7.533,1.9951e+07
739.93,-7.545,1.9951e+07
740.73,-7.548,1.9951e+07
741.53,-7.557,1.9951e+07
742.3,-7.56,1.9951e+07
743.1,-7.563,1.9951e+07
743.91,-7.566,1.9951e+07
744.73,-7.569,1.9951e+07
745.54,-7.581,1.9951e+07
746.37,-7.582,1.9951e+07
747.16,-7.579,1.9951e+07
747.96,-7.579,1.9951e+07
748.78,-7.582,1.9951e+07
749.63,-7.594,1.9951e+07
750.4,-7.597,1.9951e+07
751.18,-7.6,1.9951e+07
751.94,-7.6,1.9951e+07
752.72,-7.622,1.9951e+07
753.54,-7.616,1.9951e+07
754.35,-7.619,1.9951e+07
755.17,-7.628,1.9951e+07
755.95,-7.631,1.9951e+07
756.77,-7.634,1.9951e+07
757.52,-7.634,1.9951e+07
758.33,-7.646,1.9951e+07
759.12,-7.649,1.9951e+07
759.9,-7.652,1.9951e+07
760.72,-7.652,1.9951e+07
763.1,-7.662,1.9951e+07
763.88,-7.665,1.9951e+07
764.69,-7.677,1.9951e+07
765.44,-7.68,1.9951e+07
766.23,-7.683,1.9951e+07
767.08,-7.686,1.9951e+07
767.82,-7.695,1.9951e+07
768.64,-7.708,1.9951e+07
769.43,-7.692,1.9951e+07
770.23,-7.695,1.9951e+07
771.07,-7.698,1.9951e+07
771.86,-7.711,1.9951e+07
772.64,-7.705,1.9951e+07
773.51,-7.708,1.9951e+07
774.29,-7.711,1.9951e+07
775.11,-7.723,1.9951e+07
775.9,-7.726,1.9951e+07
776.69,-7.726,1.9951e+07
777.47,-7.729,1.9951e+07
778.27,-7.732,1.9951e+07
779.12,-7.745,1.9951e+07
779.92,-7.748,1.9951e+07
780.73,-7.742,1.9951e+07
781.48,-7.754,1.9951e+07
782.26,-7.748,1.9951e+07
783.07,-7.751,1.9951e+07
783.86,-7.763,1.9951e+07
784.65,-7.772,1.9951e+07
785.45,-7.769,1.9951e+07
786.25,-7.763,1.9951e+07
787.1,-7.782,1.9951e+07
787.92,-7.779,1.9951e+07
788.71,-7.788,1.9951e+07
789.48,-7.785,1.9951e+07
790.25,-7.794,1.9951e+07
791.05,-7.797,1.9951e+07
791.86,-7.809,1.9951e+07
792.68,-7.803,1.9951e+07
793.47,-7.806,1.9951e+07
794.26,-7.809,1.9951e+07
796.68,-7.819,1.9951e+07
797.43,-7.822,1.9951e+07
798.22,-7.825,1.9951e+07
799.01,-7.828,1.9951e+07
799.8,-7.837,1.9951e+07
800.61,-7.849,1.9951e+07
801.4,-7.834,1.9951e+07
802.18,-7.846,1.9951e+07
802.97,-7.858,1.9951e+07
803.78,-7.843,1.9951e+07
804.59,-7.847,1.9951e+07
805.41,-7.856,1.9951e+07
806.19,-7.859,1.9951e+07
806.98,-7.862,1.9951e+07
807.78,-7.865,1.9951e+07
808.56,-7.868,1.9951e+07
809.36,-7.862,1.9951e+07
810.15,-7.865,1.9951e+07
810.92,-7.865,1.9951e+07
811.77,-7.868,1.9951e+07
812.54,-7.88,1.9951e+07
813.39,-7.883,1.9951e+07
814.15,-7.887,1.9951e+07
814.9,-7.89,1.9951e+07
815.71,-7.893,1.9951e+07
816.48,-7.896,1.9951e+07
817.28,-7.899,1.9951e+07
818.07,-7.902,1.9951e+07
818.89,-7.902,1.9951e+07
819.71,-7.899,1.9951e+07
820.51,-7.908,1.9951e+07
821.3,-7.92,1.9951e+07
822.1,-7.914,1.9951e+07
822.87,-7.917,1.9951e+07
823.64,-7.93,1.9951e+07
824.42,-7.924,1.9951e+07
825.25,-7.927,1.9951e+07
826.03,-7.921,1.9951e+07
826.84,-7.933,1.9951e+07
827.57,-7.945,1.9951e+07
828.36,-7.93,1.9951e+07
830.76,-7.948,1.9951e+07
831.53,-7.951,1.9951e+07
832.35,-7.964,1.9951e+07
833.13,-7.967,1.9951e+07
833.92,-7.961,1.9951e+07
834.76,-7.955,1.9951e+07
835.55,-7.976,1.9951e+07
836.36,-7.97,1.9951e+07
837.18,-7.961,1.9951e+07
837.99,-7.973,1.9951e+07
838.77,-7.976,1.9951e+07
839.59,-7.979,1.9951e+07
840.36,-7.982,1.9951e+07
841.18,-7.994,1.9951e+07
841.96,-7.988,1.9951e+07
842.73,-7.998,1.9951e+07
843.52,-7.992,1.9951e+07
844.32,-7.995,1.9951e+07
845.1,-7.998,1.9951e+07
845.95,-8.01,1.9951e+07
846.75,-8.004,1.9951e+07
847.56,-8.007,1.9951e+07
848.36,-8.01,1.9951e+07
849.15,-8.022,1.9951e+07
849.95,-8.016,1.9951e+07
850.76,-8.019,1.9951e+07
851.56,-8.019,1.9951e+07
852.29,-8.022,1.9951e+07
853.13,-8.016,1.9951e+07
853.95,-8.029,1.9951e+07
854.76,-8.022,1.9951e+07
855.5,-8.035,1.9951e+07
856.31,-8.029,1.9951e+07
857.09,-8.032,1.9951e+07
857.92,-8.035,1.9951e+07
858.72,-8.038,1.9951e+07
859.52,-8.041,1.9951e+07
860.34,-8.044,1.9951e+07
861.12,-8.047,1.9951e+07
861.91,-8.051,1.9951e+07
862.68,-8.054,1.9951e+07
865.08,-8.063,1.9951e+07
865.89,-8.075,1.9951e+07
866.69,-8.069,1.9951e+07
867.49,-8.072,1.9951e+07
868.3,-8.075,1.9951e+07
869.12,-8.078,1.9951e+07
869.92,-8.09,1.9951e+07
870.73,-8.084,1.9951e+07
871.53,-8.087,1.9951e+07
872.32,-8.09,1.9951e+07
873.12,-8.063,1.9951e+07
873.9,-8.094,1.9951e+07
874.69,-8.088,1.9951e+07
875.51,-8.1,1.9951e+07
876.31,-8.103,1.9951e+07
877.1,-8.106,1.9951e+07
877.9,-8.109,1.9951e+07
878.7,-8.103,1.9951e+07
879.53,-8.115,1.9951e+07
880.35,-8.106,1.9951e+07
881.15,-8.118,1.9951e+07
881.94,-8.112,1.9951e+07
882.72,-8.125,1.9951e+07
883.5,-8.118,1.9951e+07
884.32,-8.131,1.9951e+07
885.12,-8.134,1.9951e+07
885.93,-8.137,1.9951e+07
886.78,-8.14,1.9951e+07
887.57,-8.143,1.9951e+07
888.38,-8.146,1.9951e+07
889.16,-8.14,1.9951e+07
889.96,-8.152,1.9951e+07
890.75,-8.155,1.9951e+07
891.54,-8.155,1.9951e+07
892.39,-8.149,1.9951e+07
893.2,-8.153,1.9951e+07
894.02,-8.156,1.9951e+07
894.84,-8.168,1.9951e+07
895.62,-8.162,1.9951e+07
896.4,-8.174,1.9951e+07
898.84,-8.174,1.9951e+07
899.61,-8.186,1.9951e+07
900.4,-8.19,1.9951e+07
901.21,-8.18,1.9951e+07
902,-8.183,1.9951e+07
902.81,-8.186,1.9951e+07
903.59,-8.19,1.9951e+07
904.39,-8.193,1.9951e+07
905.18,-8.196,1.9951e+07
905.99,-8.199,1.9951e+07
906.82,-8.211,1.9951e+07
907.64,-8.214,1.9951e+07
908.42,-8.208,1.9951e+07
909.2,-8.22,1.9951e+07
909.99,-8.214,1.9951e+07
910.78,-8.217,1.9951e+07
911.64,-8.23,1.9951e+07
912.41,-8.224,1.9951e+07
913.2,-8.236,1.9951e+07
913.98,-8.239,1.9951e+07
914.82,-8.233,1.9951e+07
915.65,-8.245,1.9951e+07
916.38,-8.248,1.9951e+07
917.16,-8.251,1.9951e+07
917.98,-8.254,1.9951e+07
918.79,-8.257,1.9951e+07
919.59,-8.261,1.9951e+07
920.39,-8.254,1.9951e+07
921.15,-8.257,1.9951e+07
921.93,-8.248,1.9951e+07
922.78,-8.261,1.9951e+07
923.59,-8.273,1.9951e+07
924.4,-8.276,1.9951e+07
925.17,-8.279,1.9951e+07
925.9,-8.291,1.9951e+07
926.71,-8.285,1.9951e+07
927.44,-8.288,1.9951e+07
928.23,-8.3,1.9951e+07
929.01,-8.3,1.9951e+07
929.73,-8.294,1.9951e+07
930.54,-8.298,1.9951e+07
932.88,-8.316,1.9951e+07
933.65,-8.316,1.9951e+07
934.42,-8.328,1.9951e+07
935.17,-8.331,1.9951e+07
935.97,-8.334,1.9951e+07
936.79,-8.337,1.9951e+07
937.58,-8.341,1.9951e+07
938.41,-8.344,1.9951e+07
939.21,-8.347,1.9951e+07
940.02,-8.359,1.9951e+07
940.85,-8.362,1.9951e+07
941.68,-8.356,1.9951e+07
942.46,-8.368,1.9951e+07
943.26,-8.371,1.9951e+07
944.08,-8.365,1.9951e+07
944.85,-8.368,1.9951e+07
945.64,-8.381,1.9951e+07
946.38,-8.384,1.9951e+07
947.12,-8.387,1.9951e+07
947.9,-8.39,1.9951e+07
948.69,-8.393,1.9951e+07
949.47,-8.396,1.9951e+07
950.32,-8.399,1.9951e+07
951.05,-8.411,1.9951e+07
951.8,-8.414,1.9951e+07
952.6,-8.417,1.9951e+07
953.4,-8.421,1.9951e+07
954.16,-8.424,1.9951e+07
954.95,-8.448,1.9951e+07
955.75,-8.442,1.9951e+07
956.5,-8.445,1.9951e+07
957.29,-8.457,1.9951e+07
958.12,-8.451,1.9951e+07
958.88,-8.454,1.9951e+07
959.67,-8.457,1.9951e+07
960.47,-8.47,1.9951e+07
961.24,-8.464,1.9951e+07
962.02,-8.476,1.9951e+07
962.79,-8.491,1.9951e+07
963.58,-8.491,1.9951e+07
964.39,-8.506,1.9951e+07
966.8,-8.504,1.9951e+07
967.6,-8.507,1.9951e+07
968.39,-8.51,1.9951e+07
969.18,-8.525,1.9951e+07
969.99,-8.528,1.9951e+07
970.77,-8.54,1.9951e+07
971.54,-8.543,1.9951e+07
972.32,-8.556,1.9951e+07
973.12,-8.55,1.9951e+07
973.93,-8.553,1.9951e+07
974.72,-8.556,1.9951e+07
975.52,-8.559,1.9951e+07
976.28,-8.562,1.9951e+07
977.06,-8.565,1.9951e+07
977.89,-8.577,1.9951e+07
978.71,-8.581,1.9951e+07
979.51,-8.584,1.9951e+07
980.28,-8.587,1.9951e+07
981.08,-8.602,1.9951e+07
981.87,-8.605,1.9951e+07
982.69,-8.608,1.9951e+07
983.49,-8.62,1.9951e+07
984.3,-8.624,1.9951e+07
985.08,-8.627,1.9951e+07
985.83,-8.639,1.9951e+07
986.65,-8.633,1.9951e+07
987.42,-8.654,1.9951e+07
988.23,-8.657,1.9951e+07
989.04,-8.66,1.9951e+07
989.8,-8.663,1.9951e+07
990.64,-8.667,1.9951e+07
991.45,-8.679,1.9951e+07
992.21,-8.673,1.9951e+07
992.98,-8.676,1.9951e+07
993.77,-8.688,1.9951e+07
994.53,-8.691,1.9951e+07
995.36,-8.703,1.9951e+07
996.15,-8.706,1.9951e+07
996.93,-8.722,1.9951e+07
997.77,-8.725,1.9951e+07
1000.9,-8.746,1.9951e+07
1001.7,-8.749,1.9951e+07
1002.5,-8.752,1.9951e+07
1003.3,-8.756,1.9951e+07
1004.1,-8.759,1.9951e+07
1004.9,-8.771,1.9951e+07
1005.7,-8.774,1.9951e+07
1006.5,-8.777,1.9951e+07
1007.3,-8.789,1.9951e+07
1008.1,-8.792,1.9951e+07
1008.9,-8.795,1.9951e+07
1009.7,-8.789,1.9951e+07
1010.5,-8.814,1.9951e+07
1011.3,-8.817,1.9951e+07
1012.1,-8.841,1.9951e+07
1012.9,-8.844,1.9951e+07
1013.8,-8.835,1.9951e+07
1014.6,-8.85,1.9951e+07
1015.3,-8.863,1.9951e+07
1016.1,-8.866,1.9951e+07
1017,-8.872,1.9951e+07
1017.7,-8.875,1.9951e+07
1018.6,-8.909,1.9951e+07
1019.3,-8.912,1.9951e+07
1020.1,-8.915,1.9951e+07
1021,-8.918,1.9951e+07
1021.7,-8.921,1.9951e+07
1022.5,-8.936,1.9951e+07
1023.3,-8.948,1.9951e+07
1024.1,-8.952,1.9951e+07
1024.8,-8.967,1.9951e+07
1025.6,-8.958,1.9951e+07
1026.4,-8.973,1.9951e+07
1027.2,-8.998,1.9951e+07
1028,-9.01,1.9951e+07
1028.8,-9.013,1.9951e+07
1029.6,-9.028,1.9951e+07
1030.4,-9.031,1.9951e+07
1031.2,-9.034,1.9951e+07
1032,-9.058,1.9951e+07
1034.4,-9.077,1.9951e+07
1035.1,-9.08,1.9951e+07
1035.9,-9.105,1.9951e+07
1036.7,-9.117,1.9951e+07
1037.5,-9.111,1.9951e+07
