FRF,-91,336,36.1769694916,-75.7488291103,902031.005,274026.034,51.544,-90.228,6.964,0.000,19831001,000000,0.000
FRF,-91,336,36.1769791834,-75.7487831847,902035.100,274027.244,55.805,-90.493,6.794,0.000,19831001,145000,53400.000
FRF,-91,336,36.1769841162,-75.7487669072,902036.545,274027.839,57.367,-90.429,6.626,0.000,19831001,145000,53400.000
FRF,-91,336,36.1769823946,-75.7487640354,902036.810,274027.656,57.553,-90.691,6.550,0.000,19831001,145000,53400.000
FRF,-91,336,36.1769855138,-75.7487446616,902038.540,274028.059,59.317,-90.905,5.443,0.000,19831001,145000,53400.000
FRF,-91,336,36.1769955983,-75.7487338009,902039.480,274029.210,60.594,-90.146,4.517,0.000,19831001,145000,53400.000
FRF,-91,336,36.1769894409,-75.7487298843,902039.855,274028.538,60.716,-90.905,4.474,0.000,19831001,145000,53400.000
FRF,-91,336,36.1769985346,-75.7486784295,902044.448,274029.699,65.429,-91.388,3.578,0.000,19831001,145000,53400.000
FRF,-91,336,36.1770342321,-75.7486164410,902049.892,274033.840,71.962,-89.361,2.760,0.000,19831001,145000,53400.000
FRF,-91,336,36.1770325700,-75.7485754819,902053.581,274033.776,75.406,-90.684,2.496,0.000,19831001,145000,53400.000
FRF,-91,336,36.1770537116,-75.7484871138,902061.450,274036.381,83.691,-90.931,1.673,0.000,19831001,145000,53400.000
FRF,-91,336,36.1770867609,-75.7483820947,902070.772,274040.356,93.811,-90.389,0.554,0.000,19831001,145000,53400.000
FRF,-91,336,36.1770866129,-75.7483666640,902072.160,274040.385,95.125,-90.837,0.350,0.000,19831001,145000,53400.000
FRF,-91,336,36.1771440193,-75.7482740894,902080.275,274047.024,105.023,-87.378,-0.646,0.000,19831001,145000,53400.000
FRF,-91,336,36.1771843009,-75.7481534533,902090.976,274051.847,116.728,-86.511,-2.489,0.000,19831001,145000,53400.000
FRF,-91,336,36.1772067877,-75.7480694073,902098.451,274054.589,124.690,-86.495,-2.773,0.000,19831001,145000,53400.000
FRF,-91,336,36.1772391260,-75.7479542860,902108.684,274058.514,135.649,-86.311,-2.315,0.000,19831001,145000,53400.000
FRF,-91,336,36.1772454508,-75.7478786320,902115.464,274059.439,142.335,-87.764,-2.012,0.000,19831001,145000,53400.000
FRF,-91,336,36.1772626629,-75.7477757489,902124.652,274061.651,151.725,-88.832,-1.687,0.000,19831001,145000,53400.000
FRF,-91,336,36.1773100102,-75.7476350884,902137.127,274067.316,165.386,-87.781,-1.491,0.000,19831001,145000,53400.000
FRF,-91,336,36.1773224097,-75.7475163393,902147.759,274069.041,175.966,-89.801,-1.659,0.000,19831001,145000,53400.000
FRF,-91,336,36.1773412829,-75.7474323996,902155.238,274071.382,183.794,-90.163,-1.762,0.000,19831001,145000,53400.000
FRF,-91,336,36.1773647737,-75.7473612759,902161.547,274074.197,190.686,-89.679,-1.918,0.000,19831001,145000,53400.000
FRF,-91,336,36.1773940747,-75.7472689654,902169.741,274077.718,199.590,-89.176,-2.055,0.000,19831001,145000,53400.000
FRF,-91,336,36.1774180312,-75.7471672882,902178.796,274080.675,209.110,-89.499,-2.521,0.000,19831001,145000,53400.000
FRF,-91,336,36.1774603719,-75.7470297619,902191.007,274085.776,222.330,-88.888,-3.228,0.000,19831001,145000,53400.000
FRF,-91,336,36.1775078721,-75.7469115055,902201.467,274091.392,234.081,-87.193,-3.713,0.000,19831001,145000,53400.000
FRF,-91,336,36.1775222789,-75.7467952640,902211.867,274093.333,244.516,-88.931,-4.100,0.000,19831001,145000,53400.000
FRF,-91,336,36.1775346764,-75.7467042493,902220.005,274094.976,252.725,-90.174,-4.326,0.000,19831001,145000,53400.000
FRF,-91,336,36.1775725821,-75.7465274853,902235.760,274099.701,269.146,-91.130,-4.560,0.000,19831001,145000,53400.000
FRF,-91,336,36.1776194325,-75.7464065327,902246.465,274105.253,281.105,-89.579,-4.700,0.000,19831001,145000,53400.000
FRF,-91,336,36.1776736557,-75.7462660426,902258.900,274111.681,294.989,-87.798,-4.807,0.000,19831001,145000,53400.000
FRF,-91,336,36.1777301665,-75.7460343574,902279.526,274118.631,316.748,-88.331,-4.832,0.000,19831001,145000,53400.000
FRF,-91,336,36.1777894500,-75.7456705322,902312.023,274126.279,349.899,-92.274,-4.606,0.000,19831001,145000,53400.000
FRF,-91,336,36.1778416469,-75.7454631067,902330.483,274132.679,369.435,-92.582,-4.478,0.000,19831001,145000,53400.000
FRF,-91,336,36.1779714953,-75.7451818052,902355.304,274147.909,397.970,-86.772,-4.405,0.000,19831001,145000,53400.000
FRF,-91,336,36.1780737869,-75.7448263586,902386.891,274160.302,431.891,-85.945,-4.515,0.000,19831001,145000,53400.000
FRF,-91,336,36.1781223837,-75.7445186194,902414.383,274166.599,459.878,-89.443,-4.777,0.000,19831001,145000,53400.000
FRF,-91,336,36.1781961996,-75.7441853501,902444.080,274175.769,490.919,-90.997,-5.179,0.000,19831001,145000,53400.000
FRF,-91,336,36.1783376417,-75.7438421262,902474.425,274192.467,525.148,-85.699,-5.600,0.000,19831001,145000,53400.000
FRF,-91,336,36.1784134662,-75.7435084984,902504.146,274201.861,556.289,-87.051,-5.971,0.000,19831001,145000,53400.000
FRF,-91,336,36.1784474614,-75.7432589478,902526.460,274206.367,578.797,-90.458,-6.243,0.000,19831001,145000,53400.000
FRF,-91,336,36.1785555377,-75.7429673325,902552.287,274219.214,607.461,-87.232,-6.551,0.000,19831001,145000,53400.000
FRF,-91,336,36.1786715623,-75.7426334487,902581.884,274233.067,640.013,-84.352,-6.846,0.000,19831001,145000,53400.000
FRF,-91,336,36.1787288864,-75.7422161304,902619.197,274240.656,677.669,-89.999,-7.154,0.000,19831001,145000,53400.000
FRF,-91,336,36.1788723406,-75.7418610945,902650.597,274257.614,712.977,-84.819,-7.419,0.000,19831001,145000,53400.000
FRF,-91,336,36.1789878256,-75.7412544800,902704.718,274272.212,768.825,-89.636,-7.770,0.000,19831001,145000,53400.000
FRF,-91,336,36.1791018087,-75.7407815480,902746.825,274286.250,813.193,-90.866,-7.998,0.000,19831001,145000,53400.000
FRF,-91,336,36.1792231466,-75.7403538874,902784.834,274300.969,853.945,-90.052,-8.221,0.000,19831001,145000,53400.000
FRF,-91,336,36.1793165049,-75.7399398679,902821.719,274312.546,892.564,-91.806,-8.385,0.000,19831001,145000,53400.000
FRF,-91,336,36.1793664636,-75.7397221174,902841.115,274318.730,912.905,-92.638,-8.532,0.000,19831001,145000,53400.000
FRF,-91,336,36.1794285198,-75.7395644934,902855.061,274326.077,928.524,-90.510,-8.599,0.000,19830918,134500,49500.000
FRF,-91,336,36.1795308197,-75.7391908415,902888.284,274338.527,964.001,-90.190,-8.827,0.000,19830918,134500,49500.000
FRF,1,336,36.1777506042,-75.7491021368,902003.619,274111.857,55.202,-0.215,6.635,0.000,19831001,134000,49200.000
FRF,1,336,36.1777572384,-75.7491027603,902003.539,274112.591,55.378,0.502,6.602,0.000,19831001,134000,49200.000
FRF,1,336,36.1777536390,-75.7490837582,902005.260,274112.248,56.878,-0.410,6.632,0.000,19831001,134000,49200.000
FRF,1,336,36.1777640316,-75.7490525390,902008.029,274113.493,59.906,-0.189,5.507,0.000,19831001,134000,49200.000
FRF,1,336,36.1777607645,-75.7490409941,902009.079,274113.164,60.780,-0.857,5.239,0.000,19831001,134000,49200.000
FRF,1,336,36.1777675419,-75.7490199526,902010.947,274113.978,62.813,-0.732,4.355,0.000,19831001,134000,49200.000
FRF,1,336,36.1777604672,-75.7490118866,902011.698,274113.217,63.258,-1.704,4.221,0.000,19831001,134000,49200.000
FRF,1,336,36.1777644459,-75.7489950594,902013.196,274113.708,64.834,-1.756,3.791,0.000,19831001,134000,49200.000
FRF,1,336,36.1777743382,-75.7489613334,902016.193,274114.904,68.059,-1.658,3.328,0.000,19831001,134000,49200.000
FRF,1,336,36.1778079230,-75.7489589331,902016.286,274118.636,69.425,1.816,3.437,0.000,19831001,134000,49200.000
FRF,1,336,36.1777960816,-75.7488694879,902024.372,274117.586,76.662,-1.939,2.664,0.000,19831001,134000,49200.000
FRF,1,336,36.1778289748,-75.7488539519,902025.649,274121.280,79.127,1.094,2.465,0.000,19831001,134000,49200.000
FRF,1,336,36.1778380138,-75.7487270466,902037.027,274122.656,90.288,-1.509,1.597,0.000,19831001,134000,49200.000
FRF,1,336,36.1778708366,-75.7486455411,902044.236,274126.536,98.390,-0.332,0.764,0.000,19831001,134000,49200.000
FRF,1,336,36.1778682587,-75.7485895774,902049.277,274126.415,103.085,-2.172,0.438,0.000,19831001,134000,49200.000
FRF,1,336,36.1779075889,-75.7484731995,902059.598,274131.120,114.393,-1.286,-0.874,0.000,19831001,134000,49200.000
FRF,1,336,36.1779332526,-75.7483727384,902068.537,274134.262,123.868,-1.395,-2.256,0.000,19831001,134000,49200.000
FRF,1,336,36.1779679249,-75.7482505116,902079.401,274138.468,135.515,-1.164,-2.296,0.000,19831001,134000,49200.000
FRF,1,336,36.1780145732,-75.7480680516,902095.637,274144.179,152.725,-1.358,-1.817,0.000,19831001,134000,49200.000
FRF,1,336,36.1780580623,-75.7479155007,902109.195,274149.451,167.269,-1.047,-1.774,0.000,19831001,134000,49200.000
FRF,1,336,36.1781227099,-75.7477309008,902125.558,274157.165,185.284,0.597,-1.848,0.000,19831001,134000,49200.000
FRF,1,336,36.1781759925,-75.7474804675,902147.881,274163.812,208.534,-0.802,-2.269,0.000,19831001,134000,49200.000
FRF,1,336,36.1782324219,-75.7472597672,902167.520,274170.721,229.351,-1.036,-3.372,0.000,19831001,134000,49200.000
FRF,1,336,36.1783037283,-75.7469817960,902192.254,274179.448,255.578,-1.306,-3.942,0.000,19831001,134000,49200.000
FRF,1,336,36.1783511860,-75.7467829696,902209.958,274185.297,274.215,-1.873,-4.173,0.000,19831001,134000,49200.000
FRF,1,336,36.1784081489,-75.7466152888,902224.828,274192.109,290.518,-0.565,-4.173,0.000,19831001,134000,49200.000
FRF,1,336,36.1784564476,-75.7464342085,902240.933,274197.999,307.667,-0.546,-4.594,0.000,19831001,134000,49200.000
FRF,1,336,36.1784930729,-75.7462622240,902256.264,274202.568,323.635,-1.503,-4.822,0.000,19831001,134000,49200.000
FRF,1,336,36.1785596804,-75.7460479305,902275.289,274210.587,344.256,-0.484,-4.728,0.000,19831001,134000,49200.000
FRF,1,336,36.1786775021,-75.7457473997,902301.882,274224.540,374.019,3.519,-4.463,0.000,19831001,134000,49200.000
FRF,1,336,36.1787283488,-75.7455456962,902319.832,274230.773,393.019,3.229,-4.353,0.000,19831001,134000,49200.000
FRF,1,336,36.1787640645,-75.7453082097,902341.055,274235.435,414.555,0.341,-4.338,0.000,19831001,134000,49200.000
FRF,1,336,36.1787980503,-75.7450233376,902366.545,274240.044,440.082,-4.057,-4.496,0.000,19831001,134000,49200.000
FRF,1,336,36.1788429244,-75.7448346839,902383.344,274245.577,457.760,-4.611,-4.670,0.000,19831001,134000,49200.000
FRF,1,336,36.1789048652,-75.7447086114,902394.454,274252.818,470.678,-1.612,-4.841,0.000,19831001,134000,49200.000
FRF,1,336,36.1789880266,-75.7445512512,902408.300,274262.505,487.004,2.748,-5.030,0.000,19831001,134000,49200.000
FRF,1,336,36.1790479882,-75.7443000298,902430.669,274269.896,510.552,2.032,-5.325,0.000,19831001,134000,49200.000
FRF,1,336,36.1790891400,-75.7439881778,902458.559,274275.380,538.633,-2.366,-5.679,0.000,19831001,134000,49200.000
FRF,1,336,36.1791393384,-75.7437715188,902477.856,274281.586,558.889,-3.143,-5.923,0.000,19831001,134000,49200.000
FRF,1,336,36.1792296215,-75.7435315251,902499.106,274292.307,582.525,-0.347,-6.218,0.000,19831001,134000,49200.000
FRF,1,336,36.1793576817,-75.7427215578,902571.465,274308.899,656.191,-9.536,-6.919,0.000,19831001,134000,49200.000
FRF,1,336,36.1795143751,-75.7424401634,902596.195,274327.108,685.661,-0.897,-7.148,0.000,19831001,134000,49200.000
FRF,1,336,36.1796417611,-75.7419591701,902638.977,274342.655,731.181,-0.940,-7.502,0.000,19831001,134000,49200.000
FRF,1,336,36.1797832421,-75.7414146925,902687.416,274359.953,782.615,-1.275,-7.822,0.000,19831001,134000,49200.000
FRF,1,336,36.1799833104,-75.7410549056,902719.036,274383.204,820.285,9.742,-8.017,0.000,19831001,134000,49200.000
FRF,1,336,36.1800784733,-75.7401760361,902797.709,274396.353,898.704,-4.844,-8.437,0.000,19831001,134000,49200.000
FRF,1,336,36.1802233352,-75.7398943111,902822.511,274413.250,927.793,2.539,-8.587,0.000,19831001,134000,49200.000
FRF,1,336,36.1802967701,-75.7395656995,902851.789,274422.365,958.422,1.077,-8.785,0.000,19830918,131000,47400.000
FRF,1,336,36.1804007818,-75.7391994150,902884.342,274434.983,993.328,1.784,-9.023,0.000,19830918,131000,47400.000
FRF,183,336,36.1793245541,-75.7497378293,901940.744,274284.541,55.262,183.559,7.178,0.000,19831002,134500,49500.000
FRF,183,336,36.1793332655,-75.7496974485,901944.343,274285.626,59.015,183.346,6.797,0.000,19831002,134500,49500.000
FRF,183,336,36.1793402662,-75.7496815621,901945.746,274286.449,60.615,183.639,6.541,0.000,19831002,134500,49500.000
FRF,183,336,36.1793444998,-75.7496509286,901948.485,274287.009,63.380,183.227,5.078,0.000,19831002,134500,49500.000
FRF,183,336,36.1793501052,-75.7496346185,901949.931,274287.679,64.968,183.361,4.276,0.000,19831002,134500,49500.000
FRF,183,336,36.1793670668,-75.7495723290,901955.470,274289.743,70.879,183.404,3.459,0.000,19831002,134500,49500.000
FRF,183,336,36.1793831353,-75.7495196804,901960.146,274291.680,75.935,183.623,2.879,0.000,19831002,134500,49500.000
FRF,183,336,36.1793977022,-75.7494642604,901965.076,274293.459,81.176,183.606,2.451,0.000,19831002,134500,49500.000
FRF,183,336,36.1794329866,-75.7493000487,901979.712,274297.856,96.433,182.725,1.068,0.000,19831002,134500,49500.000
FRF,183,336,36.1794689734,-75.7491474681,901993.300,274302.296,110.720,182.244,-0.515,0.000,19831002,134500,49500.000
FRF,183,336,36.1795095991,-75.7490475916,902002.132,274307.096,120.662,183.729,-1.727,0.000,19831002,134500,49500.000
FRF,183,336,36.1795259457,-75.7489918616,902007.084,274309.073,125.991,183.891,-0.917,0.000,19831002,134500,49500.000
FRF,183,336,36.1795368202,-75.7489311350,902012.504,274310.458,131.558,183.336,-0.681,0.000,19831002,134500,49500.000
FRF,183,336,36.1795446312,-75.7488922852,902015.969,274311.439,135.149,183.071,-0.759,0.000,19831002,134500,49500.000
FRF,183,336,36.1795643286,-75.7488124901,902023.072,274313.858,142.651,182.912,-0.930,0.000,19831002,134500,49500.000
FRF,183,336,36.1795873524,-75.7487264946,902030.720,274316.665,150.798,182.930,-1.119,0.000,19831002,134500,49500.000
FRF,183,336,36.1796149595,-75.7486329586,902039.029,274320.002,159.748,183.220,-1.390,0.000,19831002,134500,49500.000
FRF,183,336,36.1796343744,-75.7485495865,902046.455,274322.401,167.546,182.931,-1.643,0.000,19831002,134500,49500.000
FRF,183,336,36.1796794052,-75.7484081140,902059.011,274327.812,181.196,183.715,-2.052,0.000,19831002,134500,49500.000
FRF,183,336,36.1797454492,-75.7481235063,902084.360,274335.975,207.808,182.704,-2.936,0.000,19831002,134500,49500.000
FRF,183,336,36.1797860928,-75.7479741299,902097.643,274340.923,221.982,182.804,-3.490,0.000,19831002,134500,49500.000
FRF,183,336,36.1798309948,-75.7478678281,902107.038,274346.216,232.621,184.560,-3.967,0.000,19831002,134500,49500.000
FRF,183,336,36.1798437878,-75.7477764675,902115.206,274347.904,240.873,183.349,-4.341,0.000,19831002,134500,49500.000
FRF,183,336,36.1798838630,-75.7476556737,902125.921,274352.704,252.584,184.190,-4.577,0.000,19831002,134500,49500.000
FRF,183,336,36.1799031672,-75.7475599385,902134.458,274355.127,261.436,183.543,-4.749,0.000,19831002,134500,49500.000
FRF,183,336,36.1799339032,-75.7474328535,902145.773,274358.910,273.361,183.223,-4.374,0.000,19831002,134500,49500.000
FRF,183,336,36.1799567980,-75.7473349903,902154.488,274361.738,282.518,182.895,-4.201,0.000,19831002,134500,49500.000
FRF,183,336,36.1800007073,-75.7471991233,902166.544,274367.008,295.650,183.718,-4.335,0.000,19831002,134500,49500.000
FRF,183,336,36.1800450836,-75.7469965434,902184.597,274372.526,314.501,182.721,-4.585,0.000,19831002,134500,49500.000
FRF,183,336,36.1801101334,-75.7467759426,902204.195,274380.391,335.607,183.399,-4.539,0.000,19831002,134500,49500.000
FRF,183,336,36.1801847408,-75.7465243686,902226.543,274389.406,359.691,184.217,-4.393,0.000,19831002,134500,49500.000
FRF,183,336,36.1802576610,-75.7462567994,902250.335,274398.282,385.084,184.409,-4.191,0.000,19831002,134500,49500.000
FRF,183,336,36.1803416890,-75.7459779048,902275.105,274408.424,411.829,185.455,-4.063,0.000,19831002,134500,49500.000
FRF,183,336,36.1803845967,-75.7457126720,902298.796,274413.964,435.985,182.548,-4.124,0.000,19831002,134500,49500.000
FRF,183,336,36.1804839327,-75.7453812645,902328.231,274425.958,467.748,183.737,-4.472,0.000,19831002,134500,49500.000
FRF,183,336,36.1805794501,-75.7450180030,902360.544,274437.622,502.102,183.631,-4.978,0.000,19831002,134500,49500.000
FRF,183,336,36.1806751118,-75.7446114694,902396.748,274449.431,540.160,182.328,-5.511,0.000,19831002,134500,49500.000
FRF,183,336,36.1807872788,-75.7442823701,902425.929,274462.841,572.169,184.935,-5.959,0.000,19831002,134500,49500.000
FRF,183,336,36.1809464683,-75.7437324212,902474.795,274482.118,624.682,186.313,-6.615,0.000,19831002,134500,49500.000
FRF,183,336,36.1810362613,-75.7433636264,902507.626,274493.164,659.311,185.449,-6.999,0.000,19831002,134500,49500.000
FRF,183,336,36.1811955185,-75.7428945021,902549.225,274512.211,704.917,189.099,-7.374,0.000,19831002,134500,49500.000
FRF,183,336,36.1812419310,-75.7424979690,902584.708,274518.528,740.418,182.884,-7.614,0.000,19831002,134500,49500.000
FRF,183,336,36.1813687861,-75.7421750616,902613.278,274533.550,772.405,187.214,-7.800,0.000,19831002,134500,49500.000
FRF,320,336,36.1804966054,-75.7502245745,901892.724,274413.092,54.165,320.782,6.787,0.000,19831002,143500,52500.000
FRF,320,336,36.1805097123,-75.7501716868,901897.431,274414.701,59.139,320.682,6.288,0.000,19831002,143500,52500.000
FRF,320,336,36.1805160858,-75.7501430294,901899.985,274415.493,61.809,320.551,5.715,0.000,19831002,143500,52500.000
FRF,320,336,36.1805229489,-75.7501099960,901902.930,274416.351,64.870,320.349,4.678,0.000,19831002,143500,52500.000
FRF,320,336,36.1805328248,-75.7500756890,901905.978,274417.547,68.144,320.429,3.983,0.000,19831002,143500,52500.000
FRF,320,336,36.1805516434,-75.7500123714,901911.603,274419.821,74.207,320.639,2.761,0.000,19831002,143500,52500.000
FRF,320,336,36.1805748632,-75.7499429487,901917.760,274422.600,80.944,321.142,1.806,0.000,19831002,143500,52500.000
FRF,320,336,36.1805886998,-75.7498887065,901922.587,274424.295,86.059,321.081,1.350,0.000,19831002,143500,52500.000
FRF,320,336,36.1806020772,-75.7498125316,901929.387,274426.003,93.033,320.357,0.716,0.000,19831002,143500,52500.000
FRF,320,336,36.1806366325,-75.7496863931,901940.603,274430.206,105.010,320.466,-0.611,0.000,19831002,143500,52500.000
FRF,320,336,36.1806829910,-75.7495980982,901948.373,274435.608,114.160,322.880,-1.614,0.000,19831002,143500,52500.000
FRF,320,336,36.1806983111,-75.7495407709,901953.472,274437.476,119.590,322.889,-1.598,0.000,19831002,143500,52500.000
FRF,320,336,36.1807114501,-75.7494578549,901960.879,274439.177,127.132,321.951,-1.372,0.000,19831002,143500,52500.000
FRF,320,336,36.1807341361,-75.7493643516,901969.203,274441.968,135.909,321.723,-0.872,0.000,19831002,143500,52500.000
FRF,320,336,36.1807650296,-75.7492299356,901981.176,274445.790,148.467,321.214,-1.174,0.000,19831002,143500,52500.000
FRF,320,336,36.1807823048,-75.7491677484,901986.705,274447.889,154.380,321.293,-1.371,0.000,19831002,143500,52500.000
FRF,320,336,36.1808074965,-75.7490659932,901995.762,274450.983,163.949,321.098,-1.773,0.000,19831002,143500,52500.000
FRF,320,336,36.1808221137,-75.7489984263,902001.784,274452.803,170.230,320.746,-1.995,0.000,19831002,143500,52500.000
FRF,320,336,36.1808447793,-75.7489147413,902009.226,274455.563,178.167,320.791,-2.291,0.000,19831002,143500,52500.000
FRF,320,336,36.1808688856,-75.7488356629,902016.248,274458.470,185.760,321.117,-2.589,0.000,19831002,143500,52500.000
FRF,320,336,36.1808948312,-75.7487449163,902024.313,274461.614,194.414,321.310,-2.949,0.000,19831002,143500,52500.000
FRF,320,336,36.1809243022,-75.7486154933,902035.842,274465.264,206.496,320.791,-3.375,0.000,19831002,143500,52500.000
FRF,320,336,36.1809644706,-75.7484717952,902048.616,274470.142,220.168,321.000,-3.820,0.000,19831002,143500,52500.000
FRF,320,336,36.1810109818,-75.7483250347,902061.642,274475.733,234.321,321.792,-4.100,0.000,19831002,143500,52500.000
FRF,320,336,36.1810525607,-75.7481413019,902078.010,274480.885,251.464,321.028,-4.274,0.000,19831002,143500,52500.000
FRF,320,336,36.1811026667,-75.7479724459,902093.010,274486.940,267.630,321.580,-4.271,0.000,19831002,143500,52500.000
FRF,320,336,36.1811769186,-75.7476776052,902119.249,274496.043,295.400,321.148,-4.198,0.000,19831002,143500,52500.000
FRF,320,336,36.1812386766,-75.7474327767,902141.037,274503.614,318.463,320.800,-3.957,0.000,19831002,143500,52500.000
FRF,320,336,36.1813178263,-75.7471414834,902166.939,274513.250,346.099,320.984,-3.774,0.000,19831002,143500,52500.000
FRF,320,336,36.1813778739,-75.7469017303,902188.276,274520.616,368.669,320.598,-3.753,0.000,19831002,143500,52500.000
FRF,320,336,36.1814517538,-75.7466436113,902211.215,274529.571,393.287,321.156,-3.631,0.000,19831002,143500,52500.000
FRF,320,336,36.1815050661,-75.7464325564,902229.997,274536.105,413.171,320.864,-3.487,0.000,19831002,143500,52500.000
FRF,320,336,36.1815649795,-75.7462168939,902249.169,274543.386,433.677,321.139,-3.408,0.000,19831002,143500,52500.000
FRF,320,336,36.1816015789,-75.7460995351,902259.587,274547.791,444.974,321.710,-3.536,0.000,19831002,143500,52500.000
FRF,320,336,36.1816288707,-75.7459577423,902272.236,274551.236,458.038,320.615,-3.835,0.000,19831002,143500,52500.000
FRF,320,336,36.1816944174,-75.7457392565,902291.642,274559.149,478.980,321.405,-4.353,0.000,19831002,143500,52500.000
FRF,320,336,36.1817581142,-75.7454913967,902313.695,274566.944,502.369,321.177,-4.892,0.000,19831002,143500,52500.000
FRF,320,336,36.1818408833,-75.7451663294,902342.620,274577.082,533.017,320.797,-5.508,0.000,19831002,143500,52500.000
FRF,320,336,36.1819575762,-75.7447538446,902379.281,274591.240,572.310,321.545,-6.185,0.000,19831002,143500,52500.000
FRF,320,336,36.1820238346,-75.7444017115,902410.700,274599.627,604.701,318.666,-6.666,0.000,19831002,143500,52500.000
FRF,320,336,36.1821763873,-75.7438901205,902456.141,274618.055,653.705,320.419,-7.224,0.000,19831002,143500,52500.000
FRF,320,336,36.1822816240,-75.7434711191,902493.429,274630.962,693.159,319.777,-7.514,0.000,19831002,143500,52500.000
FRF,320,336,36.1823892322,-75.7430908381,902527.228,274644.018,729.385,320.470,-7.745,0.000,19831002,143500,52500.000
FRF,320,336,36.1824775895,-75.7427463505,902557.878,274654.834,761.886,320.136,-7.928,0.000,19831002,143500,52500.000
FRF,320,336,36.1825540240,-75.7425100952,902578.841,274664.008,784.723,321.577,-8.035,0.000,19830906,150000,54000.000
FRF,411,336,36.1812774345,-75.7505414647,901861.397,274498.756,54.066,411.994,6.248,0.000,19831002,000000,0.000
FRF,411,336,36.1812850518,-75.7505074491,901864.427,274499.701,57.237,411.844,6.227,0.000,19831002,152500,55500.000
FRF,411,336,36.1812980557,-75.7504509161,901869.463,274501.309,62.519,411.631,5.111,0.000,19831002,152500,55500.000
FRF,411,336,36.1813097635,-75.7504079323,901873.285,274502.734,66.598,411.661,4.130,0.000,19831002,152500,55500.000
FRF,411,336,36.1813229536,-75.7503347108,901879.820,274504.413,73.313,411.000,2.971,0.000,19831002,152500,55500.000
FRF,411,336,36.1813418199,-75.7502874153,901884.004,274506.644,78.008,411.664,2.321,0.000,19831002,152500,55500.000
FRF,411,336,36.1813652473,-75.7501825594,901893.346,274509.551,87.781,411.196,1.396,0.000,19831002,152500,55500.000
FRF,411,336,36.1814024768,-75.7500311561,901906.824,274514.126,102.010,410.879,1.307,0.000,19831002,152500,55500.000
FRF,411,336,36.1814431185,-75.7499040264,901918.106,274519.007,114.282,411.602,-0.064,0.000,19831002,152500,55500.000
FRF,411,336,36.1814680867,-75.7497898381,901928.282,274522.113,124.906,411.035,-1.064,0.000,19831002,152500,55500.000
FRF,411,336,36.1815001517,-75.7496758169,901938.417,274526.005,135.761,411.221,-1.287,0.000,19831002,152500,55500.000
FRF,411,336,36.1815247697,-75.7495807893,901946.872,274529.015,144.735,411.154,-1.552,0.000,19831002,152500,55500.000
FRF,411,336,36.1815603986,-75.7494432564,901959.107,274533.371,157.723,411.057,-1.430,0.000,19831002,152500,55500.000
FRF,411,336,36.1815858602,-75.7493539043,901967.049,274536.458,166.241,411.238,-1.125,0.000,19831002,152500,55500.000
FRF,411,336,36.1816332011,-75.7492034891,901980.400,274542.151,180.735,412.015,-1.534,0.000,19831002,152500,55500.000
FRF,411,336,36.1816699791,-75.7490781542,901991.535,274546.599,192.720,412.381,-1.874,0.000,19831002,152500,55500.000
FRF,411,336,36.1816950648,-75.7489389667,902003.958,274549.791,205.485,411.126,-2.168,0.000,19831002,152500,55500.000
FRF,411,336,36.1817359406,-75.7487868613,902017.485,274554.773,219.900,411.174,-2.659,0.000,19831002,152500,55500.000
FRF,411,336,36.1817858707,-75.7486573917,902028.944,274560.691,232.693,412.811,-3.222,0.000,19831002,152500,55500.000
FRF,411,336,36.1818285052,-75.7484456683,902047.825,274566.043,252.265,411.374,-4.260,0.000,19831002,152500,55500.000
FRF,411,336,36.1818689552,-75.7483728932,902054.221,274570.744,259.884,413.600,-5.212,0.000,19831002,152500,55500.000
FRF,411,336,36.1818864243,-75.7482454478,902065.616,274573.057,271.382,411.871,-5.368,0.000,19831002,152500,55500.000
FRF,411,336,36.1819401169,-75.7480860420,902079.753,274579.481,286.864,413.066,-5.401,0.000,19831002,152500,55500.000
FRF,411,336,36.1819983347,-75.7478471849,902101.016,274586.641,309.294,412.512,-5.307,0.000,19831002,152500,55500.000
FRF,411,336,36.1820806890,-75.7475250957,902129.676,274596.724,339.673,412.171,-4.956,0.000,19831002,152500,55500.000
FRF,411,336,36.1821467872,-75.7473161086,902148.225,274604.670,359.822,413.285,-4.731,0.000,19831002,152500,55500.000
FRF,411,336,36.1822233285,-75.7470008635,902176.290,274614.088,389.415,412.523,-4.554,0.000,19831002,152500,55500.000
FRF,411,336,36.1823153689,-75.7466868543,902204.187,274625.221,419.438,413.430,-4.464,0.000,19831002,152500,55500.000
FRF,411,336,36.1824138016,-75.7463303316,902235.883,274637.189,453.316,413.820,-4.393,0.000,19831002,152500,55500.000
FRF,411,336,36.1824642094,-75.7460618888,902259.835,274643.570,478.005,411.614,-4.771,0.000,19831002,152500,55500.000
FRF,411,336,36.1825802154,-75.7456598507,902295.559,274657.621,516.382,412.582,-5.725,0.000,19831002,152500,55500.000
FRF,411,336,36.1826590101,-75.7454027791,902318.385,274667.118,541.079,413.688,-6.167,0.000,19831002,152500,55500.000
FRF,411,336,36.1827623667,-75.7450952031,902345.663,274679.487,570.943,415.969,-6.715,0.000,19831002,152500,55500.000
FRF,411,336,36.1827753048,-75.7450559680,902349.143,274681.038,574.744,416.234,-6.871,0.000,19831002,152500,55500.000
FRF,411,336,36.1828439217,-75.7447885105,902372.940,274689.436,599.978,415.976,-6.968,0.000,19831002,152500,55500.000
FRF,411,336,36.1829562687,-75.7443219832,902414.475,274703.272,643.740,414.752,-7.419,0.000,19831002,152500,55500.000
FRF,411,336,36.1830876826,-75.7437091537,902469.095,274719.654,700.667,411.440,-7.657,0.000,19831002,152500,55500.000
FRF,411,336,36.1832751835,-75.7431189390,902521.477,274742.190,757.599,414.676,-7.883,0.000,19831002,152500,55500.000
FRF,411,336,36.1833029845,-75.7429979505,902532.253,274745.630,768.902,414.218,-7.925,0.000,19830918,152000,55200.000
FRF,480,336,36.1818759419,-75.7507624797,901839.352,274564.482,55.861,481.295,6.870,0.000,19831001,000000,0.000
FRF,480,336,36.1818710509,-75.7507574018,901839.826,274563.954,56.126,480.637,6.922,0.000,19831001,215500,78900.000
FRF,480,336,36.1818920572,-75.7506859599,901846.173,274566.494,62.959,480.850,5.276,0.000,19831001,215500,78900.000
FRF,480,336,36.1819060402,-75.7506283835,901851.299,274568.214,68.364,480.711,4.529,0.000,19831001,215500,78900.000
FRF,480,336,36.1819230755,-75.7505446902,901858.762,274570.350,76.107,480.162,3.340,0.000,19831001,215500,78900.000
FRF,480,336,36.1819333276,-75.7505089320,901861.940,274571.592,79.518,480.241,2.858,0.000,19831001,215500,78900.000
FRF,480,336,36.1819757606,-75.7503827715,901873.128,274576.670,91.769,481.180,1.694,0.000,19831001,215500,78900.000
FRF,480,336,36.1820033465,-75.7502935644,901881.049,274579.992,100.348,481.589,1.148,0.000,19831001,215500,78900.000
FRF,480,336,36.1820498544,-75.7501609912,901892.799,274585.540,113.288,482.778,0.313,0.000,19831001,215500,78900.000
FRF,480,336,36.1820773501,-75.7500381844,901903.741,274588.951,124.736,482.236,-0.896,0.000,19831001,215500,78900.000
FRF,480,336,36.1820949980,-75.7499009370,901916.016,274591.312,137.078,480.251,-1.314,0.000,19831001,215500,78900.000
FRF,480,336,36.1821179777,-75.7497615405,901928.466,274594.271,149.788,478.768,-1.716,0.000,19831001,215500,78900.000
FRF,480,336,36.1821819836,-75.7496212905,901940.843,274601.783,163.989,481.587,-2.018,0.000,19831001,215500,78900.000
FRF,480,336,36.1822227956,-75.7495243872,901949.407,274606.594,173.683,483.175,-2.091,0.000,19831001,215500,78900.000
FRF,480,336,36.1822607631,-75.7493865821,901961.659,274611.211,186.775,483.317,-2.143,0.000,19831001,215500,78900.000
FRF,480,336,36.1822806422,-75.7492670592,901972.333,274613.768,197.679,482.064,-2.076,0.000,19831001,215500,78900.000
FRF,480,336,36.1823044530,-75.7491254600,901984.977,274616.825,210.606,480.607,-1.878,0.000,19831001,215500,78900.000
FRF,480,336,36.1823255254,-75.7490072269,901995.530,274619.511,221.441,479.516,-1.964,0.000,19831001,215500,78900.000
FRF,480,336,36.1823540679,-75.7489046369,902004.650,274622.978,231.197,479.651,-1.976,0.000,19831001,215500,78900.000
FRF,480,336,36.1823766846,-75.7488173508,902012.416,274625.744,239.440,479.590,-2.372,0.000,19831001,215500,78900.000
FRF,480,336,36.1823977584,-75.7487445786,902018.882,274628.295,246.389,479.773,-3.034,0.000,19831001,215500,78900.000
FRF,480,336,36.1824464203,-75.7486284813,902029.143,274634.034,257.996,481.651,-4.019,0.000,19831001,215500,78900.000
FRF,480,336,36.1824771383,-75.7484966822,902040.881,274637.829,270.323,481.197,-5.026,0.000,19831001,215500,78900.000
FRF,480,336,36.1825087146,-75.7483544791,902053.552,274641.750,283.570,480.542,-5.520,0.000,19831001,215500,78900.000
FRF,480,336,36.1825361368,-75.7482224470,902065.323,274645.180,295.804,479.734,-5.776,0.000,19831001,215500,78900.000
FRF,480,336,36.1825848603,-75.7479986541,902085.267,274651.243,316.618,478.601,-6.078,0.000,19831001,215500,78900.000
FRF,480,336,36.1826345941,-75.7478392607,902099.416,274657.228,331.962,479.379,-6.206,0.000,19831001,215500,78900.000
FRF,480,336,36.1827078664,-75.7476085942,902119.889,274666.034,354.212,480.642,-6.374,0.000,19831001,215500,78900.000
FRF,480,336,36.1827424678,-75.7474817340,902131.169,274670.245,366.252,480.736,-6.462,0.000,19831001,215500,78900.000
FRF,480,336,36.1827737899,-75.7473523313,902142.689,274674.100,378.396,480.413,-6.642,0.000,19831001,215500,78900.000
FRF,480,336,36.1828099903,-75.7471954323,902156.664,274678.577,393.059,479.834,-6.613,0.000,19831001,215500,78900.000
FRF,480,336,36.1828803855,-75.7469807988,902175.705,274687.017,413.839,481.243,-7.093,0.000,19831001,215500,78900.000
FRF,480,336,36.1829372846,-75.7468071750,902191.108,274693.839,430.647,482.378,-7.633,0.000,19831001,215500,78900.000
FRF,480,336,36.1829790591,-75.7466615958,902204.045,274698.901,444.535,482.704,-7.989,0.000,19831001,215500,78900.000
FRF,480,336,36.1829955923,-75.7465728203,902211.966,274700.996,452.695,481.960,-7.883,0.000,19831001,215500,78900.000
FRF,480,336,36.1830105700,-75.7464856152,902219.752,274702.914,460.667,481.096,-7.493,0.000,19831001,215500,78900.000
FRF,480,336,36.1830603294,-75.7462790743,902238.141,274709.042,480.042,480.556,-6.688,0.000,19831001,215500,78900.000
FRF,480,336,36.1831508907,-75.7460327248,902259.960,274719.811,504.230,483.203,-6.502,0.000,19831001,215500,78900.000
FRF,480,336,36.1832123583,-75.7458027822,902280.410,274727.306,526.010,483.242,-6.733,0.000,19831001,215500,78900.000
FRF,480,336,36.1832731213,-75.7455196304,902305.646,274734.880,552.314,481.716,-6.986,0.000,19831001,215500,78900.000
FRF,480,336,36.1833464719,-75.7452512423,902329.509,274743.806,577.791,481.931,-7.047,0.000,19831001,215500,78900.000
FRF,480,336,36.1834108631,-75.7449922288,902352.562,274751.711,602.157,481.464,-7.185,0.000,19831001,215500,78900.000
FRF,480,336,36.1834792273,-75.7446803529,902380.353,274760.213,631.179,479.935,-7.404,0.000,19831001,215500,78900.000
FRF,480,336,36.1835203171,-75.7445010028,902396.328,274765.299,647.930,479.243,-7.438,0.000,19831001,215500,78900.000
FRF,480,336,36.1836034591,-75.7442092446,902422.256,274775.380,675.743,479.836,-7.529,0.000,19831001,215500,78900.000
FRF,480,336,36.1836917811,-75.7438853152,902451.058,274786.131,706.485,480.074,-7.633,0.000,19831001,215500,78900.000
FRF,480,336,36.1837450081,-75.7435932778,902477.121,274792.895,733.288,477.505,-7.748,0.000,19831001,215500,78900.000
FRF,480,336,36.1837394012,-75.7435282134,902482.991,274792.466,738.656,475.091,-7.767,0.000,19831001,215500,78900.000
FRF,480,336,36.1838436416,-75.7432845365,902504.519,274804.745,763.088,479.256,-7.867,0.000,19831001,215500,78900.000
FRF,480,336,36.1838996814,-75.7429691626,902532.669,274811.891,791.983,476.330,-8.014,0.000,19830918,155500,57300.000
FRF,514,336,36.1820983396,-75.7510780169,901810.175,274588.217,36.576,513.588,4.861,0.000,19831003,170500,61500.000
FRF,514,336,36.1821154530,-75.7510136225,901815.902,274590.305,42.672,513.588,5.410,0.000,19831003,170500,61500.000
FRF,514,336,36.1821325663,-75.7509492281,901821.630,274592.392,48.768,513.588,5.471,0.000,19831003,170500,61500.000
FRF,514,336,36.1821496796,-75.7508848336,901827.357,274594.480,54.864,513.588,6.507,0.000,19831003,170500,61500.000
FRF,514,336,36.1821667929,-75.7508204391,901833.085,274596.567,60.960,513.588,5.166,0.000,19831003,170500,61500.000
FRF,514,336,36.1821839061,-75.7507560446,901838.812,274598.655,67.056,513.588,3.825,0.000,19831003,170500,61500.000
FRF,514,336,36.1822181325,-75.7506272554,901850.267,274602.830,79.248,513.588,2.423,0.000,19831003,170500,61500.000
FRF,514,336,36.1822523588,-75.7504984662,901861.722,274607.005,91.440,513.588,1.630,0.000,19831003,170500,61500.000
FRF,514,336,36.1822865849,-75.7503696768,901873.177,274611.180,103.632,513.588,1.051,0.000,19831003,170500,61500.000
FRF,514,336,36.1823208108,-75.7502408873,901884.632,274615.355,115.824,513.588,0.106,0.000,19831003,170500,61500.000
FRF,514,336,36.1823550339,-75.7501121083,901896.086,274619.529,128.016,513.588,-1.082,0.000,19831003,170500,61500.000
FRF,514,336,36.1823892624,-75.7499833081,901907.542,274623.705,140.208,513.588,-1.479,0.000,19831003,170500,61500.000
FRF,514,336,36.1824234879,-75.7498545183,901918.996,274627.880,152.400,513.588,-1.235,0.000,19831003,170500,61500.000
FRF,514,336,36.1824577134,-75.7497257284,901930.451,274632.055,164.592,513.588,-1.265,0.000,19831003,170500,61500.000
FRF,514,336,36.1824919387,-75.7495969383,901941.906,274636.230,176.784,513.588,-1.265,0.000,19831003,170500,61500.000
FRF,514,336,36.1825261638,-75.7494681482,901953.361,274640.404,188.976,513.588,-1.296,0.000,19831003,170500,61500.000
FRF,514,336,36.1825603889,-75.7493393580,901964.816,274644.579,201.168,513.588,-1.540,0.000,19831003,170500,61500.000
FRF,514,336,36.1825946137,-75.7492105676,901976.271,274648.754,213.360,513.588,-2.942,0.000,19831003,170500,61500.000
FRF,514,336,36.1826288385,-75.7490817772,901987.726,274652.929,225.552,513.588,-3.247,0.000,19831003,170500,61500.000
FRF,514,336,36.1826630631,-75.7489529866,901999.181,274657.104,237.744,513.588,-3.887,0.000,19831003,170500,61500.000
FRF,514,336,36.1826972876,-75.7488241959,902010.636,274661.279,249.936,513.588,-4.435,0.000,19831003,170500,61500.000
FRF,514,336,36.1827315119,-75.7486954052,902022.090,274665.454,262.128,513.588,-5.197,0.000,19831003,170500,61500.000
FRF,514,336,36.1827657361,-75.7485666143,902033.545,274669.629,274.320,513.588,-5.868,0.000,19831003,170500,61500.000
FRF,514,336,36.1827999602,-75.7484378233,902045.000,274673.804,286.512,513.588,-5.868,0.000,19831003,170500,61500.000
FRF,514,336,36.1828341841,-75.7483090321,902056.455,274677.979,298.704,513.588,-6.051,0.000,19831003,170500,61500.000
FRF,514,336,36.1828684079,-75.7481802409,902067.910,274682.154,310.896,513.588,-6.234,0.000,19831003,170500,61500.000
FRF,514,336,36.1829026316,-75.7480514496,902079.365,274686.329,323.088,513.588,-6.569,0.000,19831003,170500,61500.000
FRF,514,336,36.1829368551,-75.7479226581,902090.820,274690.504,335.280,513.588,-6.874,0.000,19831003,170500,61500.000
FRF,514,336,36.1829710785,-75.7477938666,902102.275,274694.679,347.472,513.588,-7.148,0.000,19831003,170500,61500.000
FRF,514,336,36.1830053018,-75.7476650749,902113.730,274698.854,359.664,513.588,-7.331,0.000,19831003,170500,61500.000
FRF,514,336,36.1830395249,-75.7475362832,902125.184,274703.029,371.856,513.588,-6.904,0.000,19831003,170500,61500.000
FRF,514,336,36.1830737479,-75.7474074913,902136.639,274707.204,384.048,513.588,-6.965,0.000,19831003,170500,61500.000
FRF,514,336,36.1831079707,-75.7472786993,902148.094,274711.379,396.240,513.588,-7.026,0.000,19831003,170500,61500.000
FRF,514,336,36.1831421934,-75.7471499072,902159.549,274715.554,408.432,513.588,-6.904,0.000,19831003,170500,61500.000
FRF,514,336,36.1831764160,-75.7470211150,902171.004,274719.729,420.624,513.588,-6.935,0.000,19831003,170500,61500.000
FRF,514,336,36.1832106384,-75.7468923227,902182.459,274723.904,432.816,513.588,-6.874,0.000,19831003,170500,61500.000
FRF,514,336,36.1832448607,-75.7467635302,902193.914,274728.079,445.008,513.588,-7.057,0.000,19831003,170500,61500.000
FRF,514,336,36.1832790829,-75.7466347377,902205.369,274732.254,457.200,513.588,-7.178,0.000,19831003,170500,61500.000
FRF,514,336,36.1833133049,-75.7465059451,902216.824,274736.429,469.392,513.588,-7.331,0.000,19831003,170500,61500.000
FRF,514,336,36.1833475268,-75.7463771523,902228.278,274740.604,481.584,513.588,-7.483,0.000,19831003,170500,61500.000
FRF,514,336,36.1833817486,-75.7462483594,902239.733,274744.779,493.776,513.588,-7.636,0.000,19831003,170500,61500.000
FRF,514,336,36.1834159702,-75.7461195665,902251.188,274748.954,505.968,513.588,-7.940,0.000,19831003,170500,61500.000
FRF,514,336,36.1834501889,-75.7459907839,902262.642,274753.128,518.160,513.588,-8.184,0.000,19831003,170500,61500.000
FRF,514,336,36.1834844130,-75.7458619802,902274.098,274757.304,530.352,513.588,-8.337,0.000,19831003,170500,61500.000
FRF,514,336,36.1835186343,-75.7457331869,902285.553,274761.479,542.544,513.588,-8.489,0.000,19831003,170500,61500.000
FRF,514,336,36.1835528553,-75.7456043935,902297.008,274765.654,554.736,513.588,-8.733,0.000,19831003,170500,61500.000
FRF,514,336,36.1835870763,-75.7454755999,902308.463,274769.828,566.928,513.588,-8.855,0.000,19831003,170500,61500.000
FRF,514,336,36.1836212971,-75.7453468063,902319.918,274774.003,579.120,513.588,-8.977,0.000,19831003,170500,61500.000
FRF,514,336,36.1836555178,-75.7452180126,902331.372,274778.178,591.312,513.588,-8.885,0.000,19831003,170500,61500.000
FRF,520,336,36.1821505434,-75.7510991267,901808.088,274593.945,36.576,519.684,5.227,0.000,19831003,160000,57600.000
FRF,520,336,36.1821676568,-75.7510347322,901813.815,274596.032,42.672,519.684,5.532,0.000,19831003,160000,57600.000
FRF,520,336,36.1821847701,-75.7509703377,901819.542,274598.120,48.768,519.684,5.897,0.000,19831003,160000,57600.000
FRF,520,336,36.1822018835,-75.7509059432,901825.270,274600.207,54.864,519.684,6.873,0.000,19831003,160000,57600.000
FRF,520,336,36.1822189967,-75.7508415487,901830.997,274602.295,60.960,519.684,5.105,0.000,19831003,160000,57600.000
FRF,520,336,36.1822361100,-75.7507771541,901836.725,274604.382,67.056,519.684,3.916,0.000,19831003,160000,57600.000
FRF,520,336,36.1822703364,-75.7506483649,901848.180,274608.557,79.248,519.684,2.514,0.000,19831003,160000,57600.000
FRF,520,336,36.1823045627,-75.7505195755,901859.635,274612.732,91.440,519.684,1.630,0.000,19831003,160000,57600.000
FRF,520,336,36.1823387888,-75.7503907861,901871.089,274616.907,103.632,519.684,1.173,0.000,19831003,160000,57600.000
FRF,520,336,36.1823730148,-75.7502619966,901882.544,274621.082,115.824,519.684,0.015,0.000,19831003,160000,57600.000
FRF,520,336,36.1824072379,-75.7501332175,901893.998,274625.257,128.016,519.684,-1.326,0.000,19831003,160000,57600.000
FRF,520,336,36.1824414664,-75.7500044172,901905.454,274629.432,140.208,519.684,-1.204,0.000,19831003,160000,57600.000
FRF,520,336,36.1824756920,-75.7498756273,901916.909,274633.607,152.400,519.684,-1.082,0.000,19831003,160000,57600.000
FRF,520,336,36.1825099174,-75.7497468373,901928.364,274637.782,164.592,519.684,-1.113,0.000,19831003,160000,57600.000
FRF,520,336,36.1825441427,-75.7496180472,901939.819,274641.957,176.784,519.684,-1.418,0.000,19831003,160000,57600.000
FRF,520,336,36.1825783679,-75.7494892570,901951.274,274646.132,188.976,519.684,-1.540,0.000,19831003,160000,57600.000
FRF,520,336,36.1826125930,-75.7493604667,901962.729,274650.307,201.168,519.684,-1.784,0.000,19831003,160000,57600.000
FRF,520,336,36.1826468179,-75.7492316763,901974.183,274654.482,213.360,519.684,-2.515,0.000,19831003,160000,57600.000
FRF,520,336,36.1826810426,-75.7491028857,901985.638,274658.657,225.552,519.684,-3.125,0.000,19831003,160000,57600.000
FRF,520,336,36.1827152673,-75.7489740951,901997.093,274662.832,237.744,519.684,-3.765,0.000,19831003,160000,57600.000
FRF,520,336,36.1827494918,-75.7488453043,902008.548,274667.007,249.936,519.684,-4.313,0.000,19831003,160000,57600.000
FRF,520,336,36.1827837161,-75.7487165135,902020.003,274671.182,262.128,519.684,-4.984,0.000,19831003,160000,57600.000
FRF,520,336,36.1828179404,-75.7485877225,902031.458,274675.357,274.320,519.684,-5.990,0.000,19831003,160000,57600.000
FRF,520,336,36.1828521645,-75.7484589314,902042.913,274679.532,286.512,519.684,-5.990,0.000,19831003,160000,57600.000
FRF,520,336,36.1828863884,-75.7483301403,902054.368,274683.707,298.704,519.684,-6.081,0.000,19831003,160000,57600.000
FRF,520,336,36.1829206122,-75.7482013490,902065.823,274687.882,310.896,519.684,-6.416,0.000,19831003,160000,57600.000
FRF,520,336,36.1829548359,-75.7480725575,902077.277,274692.057,323.088,519.684,-6.874,0.000,19831003,160000,57600.000
FRF,520,336,36.1829890595,-75.7479437660,902088.732,274696.232,335.280,519.684,-7.118,0.000,19831003,160000,57600.000
FRF,520,336,36.1830232829,-75.7478149744,902100.187,274700.407,347.472,519.684,-7.392,0.000,19831003,160000,57600.000
FRF,520,336,36.1830575061,-75.7476861827,902111.642,274704.581,359.664,519.684,-7.636,0.000,19831003,160000,57600.000
FRF,520,336,36.1830917293,-75.7475573908,902123.097,274708.756,371.856,519.684,-6.935,0.000,19831003,160000,57600.000
FRF,520,336,36.1831259523,-75.7474285989,902134.552,274712.931,384.048,519.684,-6.203,0.000,19831003,160000,57600.000
FRF,520,336,36.1831601752,-75.7472998068,902146.007,274717.106,396.240,519.684,-5.990,0.000,19831003,160000,57600.000
FRF,520,336,36.1831943979,-75.7471710146,902157.462,274721.281,408.432,519.684,-6.112,0.000,19831003,160000,57600.000
FRF,520,336,36.1832286205,-75.7470422223,902168.917,274725.456,420.624,519.684,-6.173,0.000,19831003,160000,57600.000
FRF,520,336,36.1832628429,-75.7469134300,902180.371,274729.631,432.816,519.684,-6.416,0.000,19831003,160000,57600.000
FRF,520,336,36.1832970653,-75.7467846375,902191.826,274733.806,445.008,519.684,-6.477,0.000,19831003,160000,57600.000
FRF,520,336,36.1833312875,-75.7466558448,902203.281,274737.981,457.200,519.684,-6.630,0.000,19831003,160000,57600.000
FRF,520,336,36.1833655095,-75.7465270521,902214.736,274742.156,469.392,519.684,-6.843,0.000,19831003,160000,57600.000
FRF,520,336,36.1833997314,-75.7463982593,902226.191,274746.331,481.584,519.684,-7.057,0.000,19831003,160000,57600.000
FRF,520,336,36.1834339532,-75.7462694663,902237.646,274750.506,493.776,519.684,-7.300,0.000,19831003,160000,57600.000
FRF,520,336,36.1834681748,-75.7461406733,902249.101,274754.681,505.968,519.684,-7.605,0.000,19831003,160000,57600.000
FRF,520,336,36.1835023935,-75.7460118907,902260.555,274758.856,518.160,519.684,-7.849,0.000,19831003,160000,57600.000
FRF,520,336,36.1835366177,-75.7458830869,902272.011,274763.031,530.352,519.684,-8.184,0.000,19831003,160000,57600.000
FRF,520,336,36.1835708390,-75.7457542935,902283.465,274767.206,542.544,519.684,-8.337,0.000,19831003,160000,57600.000
FRF,520,336,36.1836050601,-75.7456255000,902294.920,274771.381,554.736,519.684,-8.550,0.000,19831003,160000,57600.000
FRF,520,336,36.1836392810,-75.7454967064,902306.375,274775.556,566.928,519.684,-8.702,0.000,19831003,160000,57600.000
FRF,520,336,36.1836735018,-75.7453679127,902317.830,274779.731,579.120,519.684,-8.794,0.000,19831003,160000,57600.000
FRF,520,336,36.1837077225,-75.7452391189,902329.285,274783.906,591.312,519.684,-8.763,0.000,19831003,160000,57600.000
FRF,520,336,36.1837248328,-75.7451747219,902335.012,274785.993,597.408,519.684,-8.946,0.000,19831003,160000,57600.000
FRF,558,336,36.1824595119,-75.7509953802,901816.293,274628.516,56.124,549.354,6.842,0.000,19831001,210000,75600.000
FRF,558,336,36.1824719794,-75.7509570315,901819.696,274630.011,59.833,549.594,6.132,0.000,19831001,210000,75600.000
FRF,558,336,36.1824914539,-75.7509014881,901824.619,274632.335,65.254,550.091,4.794,0.000,19831001,210000,75600.000
FRF,558,336,36.1824994017,-75.7508723670,901827.208,274633.302,68.018,550.113,4.514,0.000,19831001,210000,75600.000
FRF,558,336,36.1825107407,-75.7508425113,901829.851,274634.647,70.962,550.472,3.749,0.000,19831001,210000,75600.000
FRF,558,336,36.1825289235,-75.7507444007,901838.606,274636.953,79.977,549.640,2.706,0.000,19831001,210000,75600.000
FRF,558,336,36.1825673503,-75.7506049441,901851.005,274641.625,93.226,549.784,1.476,0.000,19831001,210000,75600.000
FRF,558,336,36.1826208637,-75.7504413352,901865.520,274648.041,109.061,550.842,0.233,0.000,19831001,210000,75600.000
FRF,558,336,36.1826362883,-75.7503744793,901871.475,274649.949,115.309,550.595,-0.583,0.000,19831001,210000,75600.000
FRF,558,336,36.1826601898,-75.7502896426,901879.016,274652.849,123.387,550.738,-1.314,0.000,19831001,210000,75600.000
FRF,558,336,36.1826903295,-75.7501920383,901887.682,274656.479,132.772,551.181,-0.681,0.000,19831001,210000,75600.000
FRF,558,336,36.1827425593,-75.7500614500,901899.233,274662.656,145.740,553.029,-0.811,0.000,19831001,210000,75600.000
FRF,558,336,36.1827759784,-75.7499178507,901912.022,274666.785,159.170,552.529,-1.079,0.000,19831001,210000,75600.000
FRF,558,336,36.1828140066,-75.7497596550,901926.107,274671.469,174.007,552.106,-1.506,0.000,19831001,210000,75600.000
FRF,558,336,36.1828455312,-75.7496402777,901936.725,274675.316,185.301,552.085,-1.784,0.000,19831001,210000,75600.000
FRF,558,336,36.1828858218,-75.7495102896,901948.266,274680.168,197.805,552.691,-2.113,0.000,19831001,210000,75600.000
FRF,558,336,36.1829191081,-75.7493819265,901959.686,274684.237,209.928,552.604,-2.460,0.000,19831001,210000,75600.000
FRF,558,336,36.1829609839,-75.7492127103,901974.747,274689.380,225.840,552.278,-2.954,0.000,19831001,210000,75600.000
FRF,558,336,36.1830170788,-75.7489719622,901996.188,274696.310,248.358,551.447,-3.539,0.000,19831001,210000,75600.000
FRF,558,336,36.1830593175,-75.7487412057,902016.782,274701.674,269.543,549.435,-4.258,0.000,19831001,210000,75600.000
FRF,558,336,36.1831123335,-75.7485243528,902036.085,274708.193,289.912,548.949,-4.861,0.000,19831001,210000,75600.000
FRF,558,336,36.1831592923,-75.7483375730,902052.708,274713.951,307.501,548.667,-5.166,0.000,19831001,210000,75600.000
FRF,558,336,36.1832128218,-75.7480879841,902074.953,274720.623,330.686,547.318,-5.095,0.000,19831001,210000,75600.000
FRF,558,336,36.1832408425,-75.7479159730,902090.316,274724.237,346.358,545.453,-4.949,0.000,19831001,210000,75600.000
FRF,558,336,36.1832947292,-75.7477820290,902102.163,274730.608,359.670,547.382,-4.812,0.000,19831001,210000,75600.000
FRF,558,336,36.1833999515,-75.7475787736,902120.054,274742.876,380.681,552.782,-4.697,0.000,19831001,210000,75600.000
FRF,558,336,36.1834413201,-75.7473596673,902139.603,274748.110,400.840,551.005,-4.585,0.000,19831001,210000,75600.000
FRF,558,336,36.1834794195,-75.7471707084,902156.453,274752.892,418.309,549.728,-4.591,0.000,19831001,210000,75600.000
FRF,558,336,36.1835565392,-75.7469207363,902178.647,274762.182,442.342,550.856,-4.731,0.000,19831001,210000,75600.000
FRF,558,336,36.1836034540,-75.7466578381,902202.112,274768.160,466.436,548.437,-5.030,0.000,19831001,210000,75600.000
FRF,558,336,36.1836850131,-75.7464065369,902224.409,274777.945,490.736,549.996,-5.392,0.000,19831001,210000,75600.000
FRF,558,336,36.1837577157,-75.7461402018,902248.090,274786.794,516.016,550.200,-5.770,0.000,19831001,210000,75600.000
FRF,558,336,36.1838153749,-75.7458659125,902272.541,274793.997,541.454,548.595,-6.154,0.000,19831001,210000,75600.000
FRF,558,336,36.1838738747,-75.7456169043,902294.715,274801.219,564.761,547.787,-6.426,0.000,19831001,210000,75600.000
FRF,558,336,36.1839248407,-75.7453634463,902317.317,274807.618,588.188,546.060,-6.697,0.000,19831001,210000,75600.000
FRF,558,336,36.1839938808,-75.7450807957,902342.478,274816.109,614.735,545.421,-6.913,0.000,19831001,210000,75600.000
FRF,558,336,36.1841085370,-75.7447573103,902371.144,274829.778,646.349,548.448,-7.063,0.000,19831001,210000,75600.000
FRF,558,336,36.1842287920,-75.7444323443,902399.923,274844.073,678.283,552.024,-7.242,0.000,19831001,210000,75600.000
FRF,558,336,36.1842734315,-75.7441781644,902422.613,274849.774,701.553,549.610,-7.407,0.000,19831001,210000,75600.000
FRF,558,336,36.1844553701,-75.7436203087,902472.105,274871.597,755.526,553.166,-7.724,0.000,19831001,210000,75600.000
FRF,594,336,36.1828253866,-75.7511185524,901803.891,274668.730,58.242,591.384,6.937,0.000,19831002,162500,59100.000
FRF,594,336,36.1828648230,-75.7510951334,901805.853,274673.173,61.607,594.886,5.922,0.000,19831002,162500,59100.000
FRF,594,336,36.1828830296,-75.7510368309,901811.029,274675.363,67.220,595.172,4.745,0.000,19831002,162500,59100.000
FRF,594,336,36.1829070070,-75.7509508899,901818.668,274678.276,75.395,595.292,2.935,0.000,19831002,162500,59100.000
FRF,594,336,36.1829084050,-75.7509145108,901821.934,274678.538,78.553,594.420,2.519,0.000,19831002,162500,59100.000
FRF,594,336,36.1829507291,-75.7507569990,901835.942,274683.695,93.480,594.469,1.108,0.000,19831002,162500,59100.000
FRF,594,336,36.1829997525,-75.7506007572,901849.811,274689.592,108.530,595.260,-0.702,0.000,19831002,162500,59100.000
FRF,594,336,36.1830160057,-75.7505132603,901857.619,274691.652,116.571,594.522,-1.384,0.000,19831002,162500,59100.000
FRF,594,336,36.1830369141,-75.7504289093,901865.126,274694.219,124.504,594.363,-0.928,0.000,19831002,162500,59100.000
FRF,594,336,36.1830845263,-75.7502620592,901879.955,274699.991,140.412,594.708,-0.912,0.000,19831002,162500,59100.000
FRF,594,336,36.1831147860,-75.7501588992,901889.119,274703.651,150.276,595.008,-1.031,0.000,19831002,162500,59100.000
FRF,594,336,36.1831386354,-75.7500527025,901898.581,274706.608,160.178,594.547,-1.334,0.000,19831002,162500,59100.000
FRF,594,336,36.1831727095,-75.7499259092,901909.856,274710.761,172.194,594.587,-1.651,0.000,19831002,162500,59100.000
FRF,594,336,36.1832000203,-75.7498145375,901919.770,274714.117,182.658,594.346,-2.027,0.000,19831002,162500,59100.000
FRF,594,336,36.1832393256,-75.7496811555,901931.620,274718.869,195.418,594.753,-2.369,0.000,19831002,162500,59100.000
FRF,594,336,36.1832668077,-75.7495635708,901942.091,274722.263,206.419,594.356,-2.643,0.000,19831002,162500,59100.000
FRF,594,336,36.1833089714,-75.7494154694,901955.254,274727.376,220.536,594.652,-3.128,0.000,19831002,162500,59100.000
FRF,594,336,36.1833396814,-75.7492779566,901967.505,274731.186,233.352,594.037,-3.582,0.000,19831002,162500,59100.000
FRF,594,336,36.1833865460,-75.7491028134,901983.082,274736.900,249.943,594.071,-3.969,0.000,19831002,162500,59100.000
FRF,594,336,36.1834347634,-75.7489078028,902000.439,274742.822,268.279,593.691,-4.417,0.000,19831002,162500,59100.000
FRF,594,336,36.1835074134,-75.7487024326,902018.639,274751.484,288.345,595.597,-4.723,0.000,19831002,162500,59100.000
FRF,594,336,36.1835396688,-75.7485160589,902035.278,274755.610,305.391,593.776,-4.572,0.000,19831002,162500,59100.000
FRF,594,336,36.1835997055,-75.7483024763,902054.263,274762.897,325.723,594.122,-4.798,0.000,19831002,162500,59100.000
FRF,594,336,36.1836580751,-75.7481059081,902071.723,274769.950,344.543,594.769,-4.868,0.000,19831002,162500,59100.000
FRF,594,336,36.1836961399,-75.7479285045,902087.535,274774.694,361.023,593.812,-4.783,0.000,19831002,162500,59100.000
FRF,594,336,36.1837689197,-75.7476916228,902108.567,274783.464,383.787,594.849,-4.624,0.000,19831002,162500,59100.000
FRF,594,336,36.1838263793,-75.7474768105,902127.671,274790.469,404.135,594.889,-4.511,0.000,19831002,162500,59100.000
FRF,594,336,36.1838914100,-75.7472007749,902152.252,274798.495,429.978,594.012,-4.554,0.000,19831002,162500,59100.000
FRF,594,336,36.1839675855,-75.7469407567,902175.352,274807.709,454.837,594.759,-4.731,0.000,19831002,162500,59100.000
FRF,594,336,36.1840242130,-75.7466961267,902197.140,274814.710,477.705,593.876,-4.996,0.000,19831002,162500,59100.000
FRF,594,336,36.1840908485,-75.7464101170,902222.612,274822.943,504.456,592.889,-5.356,0.000,19831002,162500,59100.000
FRF,594,336,36.1841794552,-75.7461827214,902242.734,274833.441,526.956,595.861,-5.639,0.000,19831002,162500,59100.000
FRF,594,336,36.1842660272,-75.7459449568,902263.795,274843.743,550.272,598.328,-5.914,0.000,19831002,162500,59100.000
FRF,594,336,36.1843100007,-75.7457083943,902284.904,274849.317,572.013,596.337,-6.170,0.000,19831002,162500,59100.000
FRF,594,336,36.1843959407,-75.7453996900,902312.345,274859.758,601.371,596.750,-6.480,0.000,19831002,162500,59100.000
FRF,594,336,36.1845010035,-75.7450213650,902345.977,274872.525,637.341,597.229,-6.816,0.000,19831002,162500,59100.000
FRF,594,336,36.1845610150,-75.7445678411,902386.533,274880.518,678.182,590.851,-7.157,0.000,19831002,162500,59100.000
FRF,594,336,36.1846540644,-75.7442079855,902418.547,274891.899,712.158,590.581,-7.407,0.000,19831002,162500,59100.000
FRF,594,336,36.1848389986,-75.7438243972,902452.360,274913.541,751.338,599.335,-7.648,0.000,19831002,162500,59100.000
FRF,594,336,36.1849196670,-75.7435978370,902472.436,274923.156,773.492,601.494,-7.755,0.000,19831002,162500,59100.000
FRF,640,336,36.1832388345,-75.7513217268,901784.123,274713.985,55.166,640.672,6.830,0.000,19831002,170500,61500.000
FRF,640,336,36.1832461523,-75.7512883028,901787.101,274714.895,58.276,640.507,6.696,0.000,19831002,170500,61500.000
FRF,640,336,36.1832652190,-75.7512340798,901791.907,274717.169,63.570,640.998,5.111,0.000,19831002,170500,61500.000
FRF,640,336,36.1832745575,-75.7512105745,901793.986,274718.274,65.902,641.324,5.020,0.000,19831002,170500,61500.000
FRF,640,336,36.1832799584,-75.7511915721,901795.675,274718.929,67.713,641.361,3.931,0.000,19831002,170500,61500.000
FRF,640,336,36.1832963921,-75.7511515746,901799.212,274720.869,71.700,641.973,3.206,0.000,19831002,170500,61500.000
FRF,640,336,36.1833111858,-75.7510716411,901806.344,274722.745,79.044,641.293,2.240,0.000,19831002,170500,61500.000
FRF,640,336,36.1833285095,-75.7509908590,901813.544,274724.904,86.548,640.856,1.056,0.000,19831002,170500,61500.000
FRF,640,336,36.1833578635,-75.7508678774,901824.495,274728.522,98.075,640.505,-0.407,0.000,19831002,170500,61500.000
FRF,640,336,36.1833857667,-75.7507781185,901832.463,274731.880,106.712,640.932,-1.498,0.000,19831002,170500,61500.000
FRF,640,336,36.1834368572,-75.7505924354,901848.972,274738.093,124.350,641.116,-1.686,0.000,19831002,170500,61500.000
FRF,640,336,36.1834567334,-75.7505008695,901857.132,274740.567,132.864,640.646,-1.497,0.000,19831002,170500,61500.000
FRF,640,336,36.1835059545,-75.7503252166,901872.746,274746.543,149.580,640.914,-1.482,0.000,19831002,170500,61500.000
FRF,640,336,36.1835605306,-75.7500987919,901892.905,274753.262,170.821,640.324,-1.552,0.000,19831002,170500,61500.000
FRF,640,336,36.1836005245,-75.7499326272,901907.699,274758.187,186.407,639.885,-1.872,0.000,19831002,170500,61500.000
FRF,640,336,36.1836448249,-75.7497983281,901919.612,274763.496,199.418,640.793,-2.397,0.000,19831002,170500,61500.000
FRF,640,336,36.1836750317,-75.7496490411,901932.924,274767.285,213.223,639.795,-3.149,0.000,19831002,170500,61500.000
FRF,640,336,36.1837449657,-75.7495067867,901945.460,274775.460,227.800,643.183,-4.331,0.000,19831002,170500,61500.000
FRF,640,336,36.1837934541,-75.7493025141,901963.649,274781.439,246.937,642.572,-4.948,0.000,19831002,170500,61500.000
FRF,640,336,36.1838394630,-75.7491631028,901976.016,274786.952,260.444,643.517,-5.258,0.000,19831002,170500,61500.000
FRF,640,336,36.1838848360,-75.7489729425,901992.947,274792.544,278.267,642.973,-5.560,0.000,19831002,170500,61500.000
FRF,640,336,36.1839129696,-75.7488489052,902003.997,274796.030,289.842,642.464,-5.722,0.000,19831002,170500,61500.000
FRF,640,336,36.1839534913,-75.7486882410,902018.294,274800.997,304.976,642.235,-5.629,0.000,19831002,170500,61500.000
FRF,640,336,36.1840090844,-75.7484315290,902041.172,274807.919,328.841,640.904,-5.392,0.000,19831002,170500,61500.000
FRF,640,336,36.1840581395,-75.7482683721,902055.663,274813.840,344.483,641.505,-5.097,0.000,19831002,170500,61500.000
FRF,640,336,36.1841276894,-75.7479875063,902080.662,274822.381,370.895,640.969,-4.816,0.000,19831002,170500,61500.000
FRF,640,336,36.1842287757,-75.7475922378,902115.831,274834.756,408.176,640.553,-4.539,0.000,19831002,170500,61500.000
FRF,640,336,36.1842971315,-75.7473264948,902139.474,274843.120,433.254,640.315,-4.536,0.000,19831002,170500,61500.000
FRF,640,336,36.1843834381,-75.7469723488,902171.000,274853.735,466.509,639.493,-4.743,0.000,19831002,170500,61500.000
FRF,640,336,36.1844566043,-75.7465772434,902206.256,274863.014,502.811,636.138,-5.206,0.000,19831002,170500,61500.000
FRF,640,336,36.1845827749,-75.7462354943,902236.523,274878.014,536.384,639.867,-5.642,0.000,19831002,170500,61500.000
FRF,640,336,36.1846798378,-75.7458704409,902268.990,274889.855,570.943,639.874,-6.081,0.000,19831002,170500,61500.000
FRF,640,336,36.1847870623,-75.7455040088,902301.544,274902.827,605.971,640.914,-6.438,0.000,19831002,170500,61500.000
FRF,640,336,36.1849280951,-75.7450002256,902346.324,274919.954,653.908,641.671,-6.904,0.000,19831002,170500,61500.000
FRF,640,336,36.1851130276,-75.7443685755,902402.439,274942.326,714.292,643.475,-7.358,0.000,19831002,170500,61500.000
FRF,640,336,36.1853090764,-75.7436991386,902461.911,274966.043,778.290,645.393,-7.785,0.000,19831002,170500,61500.000
FRF,640,336,36.1853937897,-75.7434679887,902482.384,274976.120,800.976,647.850,-7.931,0.000,19830906,175000,64200.000
FRF,686,336,36.1836127147,-75.7514818669,901768.368,274754.978,54.401,684.582,6.254,0.000,19831002,174000,63600.000
FRF,686,336,36.1836467512,-75.7514189566,901773.900,274758.938,60.955,686.408,6.166,0.000,19831002,174000,63600.000
FRF,686,336,36.1836568916,-75.7513886510,901776.588,274760.152,63.896,686.628,5.577,0.000,19831002,174000,63600.000
FRF,686,336,36.1836698330,-75.7513554068,901779.530,274761.685,67.185,687.061,3.532,0.000,19831002,174000,63600.000
FRF,686,336,36.1836876380,-75.7513141035,901783.179,274763.781,71.331,687.781,2.539,0.000,19831002,174000,63600.000
FRF,686,336,36.1836995356,-75.7512615905,901787.857,274765.255,76.231,687.564,1.743,0.000,19831002,174000,63600.000
FRF,686,336,36.1837142376,-75.7511992029,901793.412,274767.069,82.072,687.366,0.944,0.000,19831002,174000,63600.000
FRF,686,336,36.1837513006,-75.7510514598,901806.561,274771.615,95.982,687.134,-0.614,0.000,19831002,174000,63600.000
FRF,686,336,36.1837899284,-75.7509059287,901819.505,274776.327,109.757,687.129,-1.775,0.000,19831002,174000,63600.000
FRF,686,336,36.1838264235,-75.7507425134,901834.064,274780.856,124.987,686.398,-2.152,0.000,19831002,174000,63600.000
FRF,686,336,36.1838574365,-75.7506253494,901844.485,274784.640,136.074,686.385,-2.372,0.000,19831002,174000,63600.000
FRF,686,336,36.1838747330,-75.7505209358,901853.810,274786.866,145.597,685.283,-2.311,0.000,19831002,174000,63600.000
FRF,686,336,36.1839096427,-75.7504096994,901863.684,274791.065,156.312,685.847,-2.140,0.000,19831002,174000,63600.000
FRF,686,336,36.1839554225,-75.7502817188,901875.024,274796.519,168.834,687.088,-2.082,0.000,19831002,174000,63600.000
FRF,686,336,36.1839919297,-75.7501546914,901886.312,274800.941,180.954,687.378,-1.942,0.000,19831002,174000,63600.000
FRF,686,336,36.1840295095,-75.7500413642,901896.364,274805.443,191.940,688.165,-1.820,0.000,19831002,174000,63600.000
FRF,686,336,36.1840795030,-75.7498637644,901912.150,274811.510,208.849,688.460,-2.492,0.000,19831002,174000,63600.000
FRF,686,336,36.1841297844,-75.7496968216,901926.976,274817.578,224.857,689.084,-3.207,0.000,19831002,174000,63600.000
FRF,686,336,36.1841685260,-75.7495784421,901937.479,274822.223,236.315,689.852,-3.701,0.000,19831002,174000,63600.000
FRF,686,336,36.1841954255,-75.7494337833,901950.387,274825.633,249.610,688.635,-4.455,0.000,19831002,174000,63600.000
FRF,686,336,36.1842497374,-75.7492390006,901967.701,274832.230,268.137,688.904,-5.255,0.000,19831002,174000,63600.000
FRF,686,336,36.1842802183,-75.7491245104,901977.884,274835.947,278.977,688.910,-5.392,0.000,19831002,174000,63600.000
FRF,686,336,36.1843139894,-75.7489667665,901991.943,274840.157,293.628,688.051,-5.328,0.000,19831002,174000,63600.000
FRF,686,336,36.1843987390,-75.7486682152,902018.477,274850.436,322.077,688.622,-5.109,0.000,19831002,174000,63600.000
FRF,686,336,36.1844911131,-75.7483849017,902043.613,274861.515,349.487,690.424,-4.911,0.000,19831002,174000,63600.000
FRF,686,336,36.1845408448,-75.7481847918,902061.423,274867.620,368.311,690.061,-4.752,0.000,19831002,174000,63600.000
FRF,686,336,36.1845858960,-75.7479325193,902083.940,274873.359,391.432,687.743,-4.557,0.000,19831002,174000,63600.000
FRF,686,336,36.1846451798,-75.7476818251,902106.263,274880.673,414.910,686.970,-4.460,0.000,19831002,174000,63600.000
FRF,686,336,36.1847388595,-75.7473809169,902132.976,274891.949,443.869,688.417,-4.530,0.000,19831002,174000,63600.000
FRF,686,336,36.1848181394,-75.7470985781,902158.071,274901.573,470.743,688.866,-4.755,0.000,19831002,174000,63600.000
FRF,686,336,36.1848804765,-75.7468422740,902180.888,274909.242,494.806,688.258,-5.051,0.000,19831002,174000,63600.000
FRF,686,336,36.1849729403,-75.7464790448,902213.208,274920.567,529.050,687.831,-5.508,0.000,19831002,174000,63600.000
FRF,686,336,36.1850778112,-75.7460688304,902249.706,274933.407,567.739,687.396,-5.999,0.000,19831002,174000,63600.000
FRF,686,336,36.1851928458,-75.7456767167,902284.541,274947.321,605.232,688.540,-6.429,0.000,19831002,174000,63600.000
FRF,686,336,36.1853126556,-75.7451692873,902329.725,274962.104,652.747,686.957,-6.883,0.000,19831002,174000,63600.000
FRF,686,336,36.1854668292,-75.7446176776,902378.756,274980.829,705.226,687.760,-7.273,0.000,19831002,174000,63600.000
FRF,686,336,36.1855999376,-75.7441492340,902420.387,274996.973,749.868,688.672,-7.559,0.000,19831002,174000,63600.000
FRF,686,336,36.1857121218,-75.7437787075,902453.291,275010.508,785.417,690.121,-7.809,0.000,19831002,174000,63600.000
FRF,731,336,36.1840068960,-75.7516891285,901748.302,274798.084,50.310,731.953,6.934,0.000,19831001,200000,72000.000
FRF,731,336,36.1840138792,-75.7516631732,901750.611,274798.935,52.770,731.962,6.815,0.000,19831001,200000,72000.000
FRF,731,336,36.1840211049,-75.7516471898,901752.021,274799.784,54.386,732.276,6.474,0.000,19831001,200000,72000.000
FRF,731,336,36.1840258001,-75.7516284516,901753.689,274800.359,56.150,732.246,6.626,0.000,19831001,200000,72000.000
FRF,731,336,36.1840354415,-75.7516157615,901754.795,274801.466,57.568,732.907,5.434,0.000,19831001,200000,72000.000
FRF,731,336,36.1840680684,-75.7515382422,901761.646,274805.313,65.323,734.175,3.029,0.000,19831001,200000,72000.000
FRF,731,336,36.1840669257,-75.7514759866,901767.247,274805.369,70.604,732.310,2.079,0.000,19831001,200000,72000.000
FRF,731,336,36.1840975775,-75.7513715684,901776.524,274809.076,80.589,732.616,1.338,0.000,19831001,200000,72000.000
FRF,731,336,36.1841164412,-75.7512796742,901784.717,274811.438,89.096,732.030,0.276,0.000,19831001,200000,72000.000
FRF,731,336,36.1841379363,-75.7511894407,901792.752,274814.088,97.552,731.768,-1.013,0.000,19831001,200000,72000.000
FRF,731,336,36.1841726710,-75.7510608072,901804.190,274818.319,109.748,731.826,-1.345,0.000,19831001,200000,72000.000
FRF,731,336,36.1841885726,-75.7509997934,901809.618,274820.262,115.513,731.793,-1.031,0.000,19831001,200000,72000.000
FRF,731,336,36.1842329194,-75.7508647167,901821.601,274825.578,128.593,732.684,-1.177,0.000,19831001,200000,72000.000
FRF,731,336,36.1842588744,-75.7507504905,901831.777,274828.792,139.253,732.220,-1.378,0.000,19831001,200000,72000.000
FRF,731,336,36.1842788671,-75.7506461020,901841.089,274831.317,148.867,731.403,-1.637,0.000,19831001,200000,72000.000
FRF,731,336,36.1843025579,-75.7505619505,901848.569,274834.192,156.879,731.543,-1.969,0.000,19831001,200000,72000.000
FRF,731,336,36.1843238136,-75.7504909232,901854.877,274836.758,163.685,731.794,-2.185,0.000,19831001,200000,72000.000
FRF,731,336,36.1843463799,-75.7504155708,901861.570,274839.483,170.906,732.062,-2.214,0.000,19831001,200000,72000.000
FRF,731,336,36.1843694396,-75.7503149143,901870.536,274842.337,180.307,731.673,-2.201,0.000,19831001,200000,72000.000
FRF,731,336,36.1844085457,-75.7501666508,901883.724,274847.110,194.332,731.642,-2.247,0.000,19831001,200000,72000.000
FRF,731,336,36.1844741514,-75.7499926843,901899.126,274854.898,211.470,733.685,-2.667,0.000,19831001,200000,72000.000
FRF,731,336,36.1845150432,-75.7498809179,901909.026,274859.763,222.437,734.865,-3.178,0.000,19831001,200000,72000.000
FRF,731,336,36.1846016415,-75.7496401222,901930.360,274870.076,246.013,737.249,-4.066,0.000,19831001,200000,72000.000
FRF,731,336,36.1846804881,-75.7494001576,901951.648,274879.527,269.250,738.839,-4.672,0.000,19831001,200000,72000.000
FRF,731,336,36.1846910562,-75.7491769811,901971.674,274881.356,288.692,733.700,-5.011,0.000,19831001,200000,72000.000
FRF,731,336,36.1847398150,-75.7489523424,901991.693,274887.425,309.579,732.547,-5.109,0.000,19831001,200000,72000.000
FRF,731,336,36.1848317160,-75.7486962938,902014.379,274898.372,334.642,735.063,-4.956,0.000,19831001,200000,72000.000
FRF,731,336,36.1849199901,-75.7483252990,902047.413,274909.254,369.405,733.976,-4.679,0.000,19831001,200000,72000.000
FRF,731,336,36.1849923065,-75.7480385879,902072.927,274918.119,396.412,733.568,-4.484,0.000,19831001,200000,72000.000
FRF,731,336,36.1850528053,-75.7477726487,902096.616,274925.612,421.235,732.496,-4.417,0.000,19831001,200000,72000.000
FRF,731,336,36.1851131167,-75.7474859617,902122.171,274933.146,447.825,730.823,-4.521,0.000,19831001,200000,72000.000
FRF,731,336,36.1851956185,-75.7471225407,902154.545,274943.366,481.741,729.340,-4.886,0.000,19831001,200000,72000.000
FRF,731,336,36.1853396924,-75.7467931517,902183.634,274960.315,514.876,735.303,-5.304,0.000,19831001,200000,72000.000
FRF,731,336,36.1854290959,-75.7464489690,902214.253,274971.245,547.386,735.087,-5.752,0.000,19831001,200000,72000.000
FRF,731,336,36.1855062800,-75.7460765646,902247.453,274980.903,581.886,732.792,-6.160,0.000,19831001,200000,72000.000
FRF,731,336,36.1856470746,-75.7455662230,902292.823,274998.022,630.375,733.340,-6.654,0.000,19831001,200000,72000.000
FRF,731,336,36.1857729632,-75.7451106178,902333.325,275013.327,673.670,733.850,-7.026,0.000,19831001,200000,72000.000
FRF,731,336,36.1858515981,-75.7447699645,902363.665,275023.052,705.506,732.598,-7.264,0.000,19831001,200000,72000.000
FRF,731,336,36.1859492524,-75.7443198480,902403.777,275035.210,747.356,730.285,-7.569,0.000,19831001,200000,72000.000
FRF,731,336,36.1859463851,-75.7442046714,902414.143,275035.232,757.102,726.756,-7.639,0.000,19831001,200000,72000.000
FRF,731,336,36.1860067096,-75.7441177573,902421.737,275042.178,766.616,730.682,-7.712,0.000,19831001,200000,72000.000
FRF,731,336,36.1860802139,-75.7441296222,902420.403,275050.295,768.142,738.765,-7.691,0.000,19831001,200000,72000.000
FRF,731,336,36.1861290726,-75.7436947449,902459.322,275056.997,807.003,731.734,-7.947,0.000,19830906,184000,67200.000
FRF,823,336,36.1847902219,-75.7520031276,901717.229,274884.034,50.547,823.347,6.132,0.000,19831001,190500,68700.000
FRF,823,336,36.1848013854,-75.7519685440,901720.297,274885.374,53.889,823.555,6.032,0.000,19831001,190500,68700.000
FRF,823,336,36.1848108859,-75.7519470343,901722.197,274886.491,56.056,823.954,6.422,0.000,19831001,190500,68700.000
FRF,823,336,36.1848200515,-75.7519237512,901724.257,274887.576,58.363,824.268,4.761,0.000,19831001,190500,68700.000
FRF,823,336,36.1848234310,-75.7519045042,901725.975,274888.007,60.125,824.085,4.239,0.000,19831001,190500,68700.000
FRF,823,336,36.1848357540,-75.7518415046,901731.594,274889.559,65.936,823.619,3.215,0.000,19831001,190500,68700.000
FRF,823,336,36.1848641063,-75.7517392089,901740.688,274893.005,75.660,823.742,2.010,0.000,19831001,190500,68700.000
FRF,823,336,36.1849153510,-75.7515596215,901756.648,274899.216,92.782,824.113,0.518,0.000,19831001,190500,68700.000
FRF,823,336,36.1849400082,-75.7514746903,901764.194,274902.201,100.894,824.333,-0.698,0.000,19831001,190500,68700.000
FRF,823,336,36.1849575485,-75.7513959477,901771.210,274904.378,108.231,823.976,-1.329,0.000,19831001,190500,68700.000
FRF,823,336,36.1849740345,-75.7513278812,901777.269,274906.407,114.619,823.807,-1.430,0.000,19831001,190500,68700.000
FRF,823,336,36.1850074692,-75.7511835471,901790.124,274910.539,128.112,823.288,-0.961,0.000,19831001,190500,68700.000
FRF,823,336,36.1850320949,-75.7510873135,901798.687,274913.554,137.189,823.188,-1.082,0.000,19831001,190500,68700.000
FRF,823,336,36.1850530798,-75.7510190189,901804.751,274916.082,143.752,823.487,-1.153,0.000,19831001,190500,68700.000
FRF,823,336,36.1850708763,-75.7509339220,901812.337,274918.306,151.641,822.979,-1.244,0.000,19831001,190500,68700.000
FRF,823,336,36.1851032243,-75.7507209079,901831.370,274922.521,170.967,820.421,-1.518,0.000,19831001,190500,68700.000
FRF,823,336,36.1851806503,-75.7505634540,901845.245,274931.571,187.102,824.173,-1.811,0.000,19831001,190500,68700.000
FRF,823,336,36.1852041821,-75.7504286157,901857.282,274934.578,199.441,822.876,-2.204,0.000,19831001,190500,68700.000
FRF,823,336,36.1852670351,-75.7502779268,901870.601,274941.992,214.494,825.281,-2.823,0.000,19831001,190500,68700.000
FRF,823,336,36.1852870754,-75.7501176467,901884.939,274944.687,228.887,822.903,-3.603,0.000,19831001,190500,68700.000
FRF,823,336,36.1853640041,-75.7498633806,901907.519,274953.967,253.280,823.890,-4.970,0.000,19831001,190500,68700.000
FRF,823,336,36.1853747650,-75.7497962979,901913.511,274955.358,259.386,823.145,-5.297,0.000,19831001,190500,68700.000
FRF,823,336,36.1854012453,-75.7497199182,901920.281,274958.520,266.830,823.797,-5.359,0.000,19831001,190500,68700.000
FRF,823,336,36.1854239828,-75.7496518055,901926.322,274961.242,273.438,824.286,-5.312,0.000,19831001,190500,68700.000
FRF,823,336,36.1854453334,-75.7495345928,901936.783,274963.955,284.195,823.253,-5.243,0.000,19831001,190500,68700.000
FRF,823,336,36.1854861907,-75.7493974710,901948.962,274968.890,297.328,823.719,-5.112,0.000,19831001,190500,68700.000
FRF,823,336,36.1855245014,-75.7492642212,901960.803,274973.531,310.042,824.025,-4.914,0.000,19831001,190500,68700.000
FRF,823,336,36.1855749114,-75.7490708057,901978.009,274979.691,328.317,823.921,-4.914,0.000,19831001,190500,68700.000
FRF,823,336,36.1856086465,-75.7489619114,901987.676,274983.753,338.791,824.427,-4.844,0.000,19831001,190500,68700.000
FRF,823,336,36.1856463404,-75.7488319802,901999.220,274988.317,351.200,824.761,-4.752,0.000,19831001,190500,68700.000
FRF,823,336,36.1856961406,-75.7486254022,902017.612,274994.448,370.579,824.224,-4.646,0.000,19831001,190500,68700.000
FRF,823,336,36.1857924932,-75.7482907781,902047.346,275006.120,402.512,825.008,-4.444,0.000,19831001,190500,68700.000
FRF,823,336,36.1858478148,-75.7480038841,902072.937,275013.100,428.947,822.803,-4.417,0.000,19831001,190500,68700.000
FRF,823,336,36.1859598646,-75.7476401935,902105.227,275026.599,463.907,824.428,-4.661,0.000,19831001,190500,68700.000
FRF,823,336,36.1860333344,-75.7473242180,902133.368,275035.678,493.455,823.322,-5.008,0.000,19831001,190500,68700.000
FRF,823,336,36.1861413684,-75.7469167746,902169.606,275048.860,532.016,823.298,-5.545,0.000,19831001,190500,68700.000
FRF,823,336,36.1862050987,-75.7467249647,902186.618,275056.493,550.614,824.644,-5.773,0.000,19831001,190500,68700.000
FRF,823,336,36.1862748989,-75.7464623730,902209.972,275065.008,575.472,824.647,-6.069,0.000,19831001,190500,68700.000
FRF,823,336,36.1863495112,-75.7461148851,902240.941,275074.307,607.753,822.779,-6.429,0.000,19831001,190500,68700.000
FRF,823,336,36.1864690781,-75.7457138813,902276.558,275088.750,646.162,824.152,-6.794,0.000,19831001,190500,68700.000
FRF,823,336,36.1866263985,-75.7451282635,902328.635,275107.924,701.656,824.334,-7.230,0.000,19831001,190500,68700.000
FRF,823,336,36.1867180118,-75.7447701696,902360.495,275119.140,735.431,823.962,-7.465,0.000,19831001,190500,68700.000
FRF,823,336,36.1868554479,-75.7442754727,902404.470,275135.841,782.466,824.595,-7.748,0.000,19831001,190500,68700.000
FRF,1006,336,36.1863172271,-75.7527896999,901640.970,275051.070,36.098,1006.398,6.303,0.000,19831001,163000,59400.000
FRF,1006,336,36.1863360961,-75.7527102064,901648.048,275053.397,43.545,1006.160,5.532,0.000,19831001,163000,59400.000
FRF,1006,336,36.1863588689,-75.7526157021,901656.462,275056.200,52.410,1005.913,6.114,0.000,19831001,163000,59400.000
FRF,1006,336,36.1863680342,-75.7525937406,901658.403,275057.281,54.604,1006.264,6.196,0.000,19831001,163000,59400.000
FRF,1006,336,36.1863738705,-75.7525610381,901661.322,275058.025,57.601,1005.963,5.513,0.000,19831001,163000,59400.000
FRF,1006,336,36.1863830444,-75.7525383663,901663.327,275059.109,59.856,1006.295,5.050,0.000,19831001,163000,59400.000
FRF,1006,336,36.1863882486,-75.7525129309,901665.595,275059.761,62.210,1006.131,5.053,0.000,19831001,163000,59400.000
FRF,1006,336,36.1863962408,-75.7524940632,901667.262,275060.703,64.100,1006.445,5.364,0.000,19831001,163000,59400.000
FRF,1006,336,36.1863981592,-75.7524906273,901667.564,275060.926,64.460,1006.551,5.303,0.000,19831001,163000,59400.000
FRF,1006,336,36.1864008884,-75.7524811431,901668.407,275061.256,65.365,1006.573,5.020,0.000,19831001,163000,59400.000
FRF,1006,336,36.1864030734,-75.7524731354,901669.119,275061.522,66.124,1006.579,4.145,0.000,19831001,163000,59400.000
FRF,1006,336,36.1864143048,-75.7524149928,901674.305,275062.939,71.482,1006.134,3.313,0.000,19831001,163000,59400.000
FRF,1006,336,36.1864201630,-75.7524076165,901674.947,275063.610,72.315,1006.545,3.215,0.000,19831001,163000,59400.000
FRF,1006,336,36.1864303897,-75.7523661017,901678.642,275064.866,76.217,1006.460,2.350,0.000,19831001,163000,59400.000
FRF,1006,336,36.1863878164,-75.7523011517,901684.636,275060.336,80.297,1000.151,1.792,0.000,19831001,163000,59400.000
FRF,1006,336,36.1864433796,-75.7522909928,901685.348,275066.528,83.086,1005.725,1.399,0.000,19831001,163000,59400.000
FRF,1006,336,36.1864759323,-75.7521318507,901699.537,275070.607,97.814,1004.698,-0.422,0.000,19831001,163000,59400.000
FRF,1006,336,36.1865107787,-75.7520024046,901711.048,275074.852,110.083,1004.745,-1.620,0.000,19831001,163000,59400.000
FRF,1006,336,36.1865331446,-75.7518989728,901720.266,275077.637,119.697,1004.205,-1.912,0.000,19831001,163000,59400.000
FRF,1006,336,36.1865518016,-75.7517966851,901729.394,275080.007,129.085,1003.306,-2.221,0.000,19831001,163000,59400.000
FRF,1006,336,36.1865671932,-75.7516952646,901738.456,275082.012,138.286,1002.087,-2.454,0.000,19831001,163000,59400.000
FRF,1006,336,36.1865985763,-75.7515926599,901747.567,275085.795,148.141,1002.521,-2.527,0.000,19831001,163000,59400.000
FRF,1006,336,36.1866271401,-75.7515160806,901754.348,275089.188,155.674,1003.387,-2.643,0.000,19831001,163000,59400.000
FRF,1006,336,36.1866627876,-75.7514257646,901762.338,275093.407,164.626,1004.615,-2.588,0.000,19831001,163000,59400.000
FRF,1006,336,36.1867072043,-75.7513312851,901770.671,275098.611,174.237,1006.651,-2.680,0.000,19831001,163000,59400.000
FRF,1006,336,36.1867265946,-75.7512908670,901774.234,275100.881,178.362,1007.563,-2.427,0.000,19831001,163000,59400.000
FRF,1006,336,36.1867317628,-75.7512225977,901780.353,275101.655,184.376,1006.195,-2.378,0.000,19831001,163000,59400.000
FRF,1006,336,36.1867424218,-75.7511116470,901790.289,275103.164,194.228,1004.210,-2.293,0.000,19831001,163000,59400.000
FRF,1006,336,36.1867739235,-75.7510074871,901799.539,275106.964,204.220,1004.613,-2.201,0.000,19831001,163000,59400.000
FRF,1006,336,36.1868009642,-75.7509455241,901805.011,275110.145,210.451,1005.728,-2.338,0.000,19831001,163000,59400.000
FRF,1006,336,36.1868386233,-75.7507527403,901822.207,275114.889,228.231,1004.297,-3.315,0.000,19831001,163000,59400.000
FRF,1006,336,36.1868806071,-75.7506162005,901834.329,275119.947,241.353,1004.898,-4.215,0.000,19831001,163000,59400.000
FRF,1006,336,36.1869248625,-75.7504663294,901847.642,275125.297,255.693,1005.365,-4.931,0.000,19831001,163000,59400.000
FRF,1006,336,36.1869648259,-75.7503129795,901861.284,275130.180,270.182,1005.282,-4.960,0.000,19831001,163000,59400.000
FRF,1006,336,36.1869943981,-75.7501418797,901876.559,275133.964,285.829,1003.606,-4.856,0.000,19831001,163000,59400.000
FRF,1006,336,36.1870521702,-75.7499815049,901890.767,275140.843,301.534,1005.204,-4.786,0.000,19831001,163000,59400.000
FRF,1006,336,36.1870881950,-75.7498303759,901904.223,275145.283,315.697,1004.768,-4.844,0.000,19831001,163000,59400.000
FRF,1006,336,36.1871128657,-75.7496581246,901919.619,275148.526,331.273,1002.543,-4.807,0.000,19831001,163000,59400.000
FRF,1006,336,36.1871808410,-75.7494748033,901935.853,275156.605,349.292,1004.574,-4.728,0.000,19831001,163000,59400.000
FRF,1006,336,36.1872346018,-75.7493523260,901946.669,275162.928,361.619,1006.811,-4.682,0.000,19831001,163000,59400.000
FRF,1006,336,36.1872548328,-75.7492416072,901956.550,275165.498,371.782,1005.842,-4.655,0.000,19831001,163000,59400.000
FRF,1006,336,36.1872820423,-75.7490940967,901969.712,275168.950,385.331,1004.578,-4.566,0.000,19831001,163000,59400.000
FRF,1006,336,36.1873678420,-75.7489000124,901986.849,275179.037,404.886,1008.187,-4.466,0.000,19831001,163000,59400.000
FRF,1006,336,36.1874096581,-75.7487239771,902002.523,275184.193,421.378,1007.664,-4.423,0.000,19831001,163000,59400.000
FRF,1006,336,36.1874395542,-75.7485707789,902016.187,275187.960,435.506,1006.524,-4.435,0.000,19831001,163000,59400.000
FRF,1006,336,36.1874883965,-75.7483846102,902032.747,275193.925,453.107,1006.458,-4.515,0.000,19831001,163000,59400.000
FRF,1006,336,36.1875167694,-75.7482642324,902043.466,275197.426,464.377,1006.077,-4.621,0.000,19831001,163000,59400.000
FRF,1006,336,36.1875573934,-75.7481029590,902057.817,275202.407,479.566,1005.842,-4.798,0.000,19831001,163000,59400.000
FRF,1006,336,36.1876553489,-75.7477261677,902091.335,275214.380,515.158,1005.614,-5.289,0.000,19831001,163000,59400.000
FRF,1006,336,36.1877589158,-75.7473314287,902126.447,275227.029,552.478,1005.475,-5.795,0.000,19831001,163000,59400.000
FRF,1006,336,36.1878582293,-75.7469471600,902160.632,275239.176,588.756,1005.181,-6.249,0.000,19831001,163000,59400.000
FRF,1006,336,36.1879588792,-75.7465442209,902196.491,275251.526,626.676,1004.505,-6.590,0.000,19831001,163000,59400.000
FRF,1006,336,36.1880061950,-75.7463541814,902213.404,275257.334,644.555,1004.170,-6.758,0.000,19831001,163000,59400.000
FRF,1006,336,36.1880852969,-75.7460966201,902236.271,275266.866,669.304,1005.295,-6.983,0.000,19831001,163000,59400.000
FRF,1006,336,36.1881935078,-75.7455307480,902286.750,275280.535,721.412,1000.852,-7.340,0.000,19831001,163000,59400.000
FRF,1006,336,36.1883621175,-75.7450105652,902332.902,275300.768,771.702,1004.058,-7.657,0.000,19831001,163000,59400.000
FRF,1006,336,36.1885146239,-75.7445812900,902370.939,275318.948,813.665,1008.113,-7.901,0.000,19831001,163000,59400.000
FRF,1006,336,36.1886041695,-75.7440196036,902421.110,275330.535,864.770,1001.820,-8.154,0.000,19831001,163000,59400.000
FRF,1006,336,36.1887951467,-75.7435968253,902458.423,275352.962,907.507,1010.114,-8.361,0.000,19831001,163000,59400.000
FRF,1097,336,36.1871273368,-75.7529897549,901620.045,275140.326,47.002,1097.423,5.690,0.000,19831001,000000,0.000
FRF,1097,336,36.1871441360,-75.7529455278,901623.960,275142.319,51.363,1097.955,5.897,0.000,19831001,173500,63300.000
FRF,1097,336,36.1871617758,-75.7528693387,901630.745,275144.499,58.485,1097.680,4.648,0.000,19831001,173500,63300.000
FRF,1097,336,36.1871742738,-75.7528057880,901636.414,275146.072,64.349,1097.217,4.727,0.000,19831001,173500,63300.000
FRF,1097,336,36.1871809940,-75.7527788595,901638.810,275146.897,66.883,1097.171,4.194,0.000,19831001,173500,63300.000
FRF,1097,336,36.1871912583,-75.7527232853,901643.769,275148.199,71.988,1096.696,3.477,0.000,19831001,173500,63300.000
FRF,1097,336,36.1872228186,-75.7526915327,901646.509,275151.792,75.793,1099.134,2.862,0.000,19831001,173500,63300.000
FRF,1097,336,36.1872452473,-75.7526007490,901654.589,275154.547,84.328,1098.955,1.862,0.000,19831001,173500,63300.000
FRF,1097,336,36.1872926182,-75.7524355593,901669.268,275160.286,100.085,1099.321,0.924,0.000,19831001,173500,63300.000
FRF,1097,336,36.1873215675,-75.7523306590,901678.594,275163.806,110.052,1099.434,-0.050,0.000,19831001,173500,63300.000
FRF,1097,336,36.1873404654,-75.7522563006,901685.211,275166.120,117.061,1099.343,-1.064,0.000,19831001,173500,63300.000
FRF,1097,336,36.1873538782,-75.7521701421,901692.908,275167.861,124.889,1098.343,-1.452,0.000,19831001,173500,63300.000
FRF,1097,336,36.1873848458,-75.7520909777,901699.912,275171.529,132.726,1099.390,-1.380,0.000,19831001,173500,63300.000
FRF,1097,336,36.1873967885,-75.7520261960,901705.693,275173.044,138.676,1098.834,-1.062,0.000,19831001,173500,63300.000
FRF,1097,336,36.1874187406,-75.7519006594,901716.899,275175.848,150.165,1097.631,-1.006,0.000,19831001,173500,63300.000
FRF,1097,336,36.1874417225,-75.7518087187,901725.082,275178.667,158.818,1097.478,-1.082,0.000,19831001,173500,63300.000
FRF,1097,336,36.1874587216,-75.7517462861,901730.633,275180.736,164.742,1097.521,-1.189,0.000,19831001,173500,63300.000
FRF,1097,336,36.1874854295,-75.7516518159,901739.029,275183.976,173.740,1097.690,-1.378,0.000,19831001,173500,63300.000
FRF,1097,336,36.1875142033,-75.7515579939,901747.359,275187.443,182.754,1098.095,-1.628,0.000,19831001,173500,63300.000
FRF,1097,336,36.1875320316,-75.7515026471,901752.270,275189.583,188.101,1098.424,-1.811,0.000,19831001,173500,63300.000
FRF,1097,336,36.1875664662,-75.7513708918,901763.990,275193.790,200.553,1098.363,-2.171,0.000,19831001,173500,63300.000
FRF,1097,336,36.1875853114,-75.7512722824,901772.787,275196.170,209.633,1097.587,-2.590,0.000,19831001,173500,63300.000
FRF,1097,336,36.1876024959,-75.7512007641,901779.154,275198.287,216.340,1097.395,-2.936,0.000,19831001,173500,63300.000
FRF,1097,336,36.1876360453,-75.7511054218,901787.604,275202.288,225.649,1098.261,-3.480,0.000,19831001,173500,63300.000
FRF,1097,336,36.1876384396,-75.7510383465,901793.626,275202.751,231.465,1096.634,-4.219,0.000,19831001,173500,63300.000
FRF,1097,336,36.1876692620,-75.7509480904,901801.628,275206.435,240.245,1097.355,-4.758,0.000,19831001,173500,63300.000
FRF,1097,336,36.1877138341,-75.7508596976,901809.413,275211.638,249.341,1099.578,-5.133,0.000,19831001,173500,63300.000
FRF,1097,336,36.1877489537,-75.7506690084,901826.428,275216.095,266.854,1097.938,-5.261,0.000,19831001,173500,63300.000
FRF,1097,336,36.1877975374,-75.7504801137,901843.234,275222.039,284.679,1097.768,-5.048,0.000,19831001,173500,63300.000
FRF,1097,336,36.1878305884,-75.7503666579,901853.314,275226.038,295.519,1098.074,-4.880,0.000,19831001,173500,63300.000
FRF,1097,336,36.1878620937,-75.7502232934,901866.088,275229.954,308.862,1097.379,-4.868,0.000,19831001,173500,63300.000
FRF,1097,336,36.1878956708,-75.7500827672,901878.600,275234.092,322.034,1096.982,-4.807,0.000,19831001,173500,63300.000
FRF,1097,336,36.1879379993,-75.7499534547,901890.071,275239.167,334.550,1097.822,-4.825,0.000,19831001,173500,63300.000
FRF,1097,336,36.1880042365,-75.7496925169,901913.290,275247.281,359.143,1097.495,-4.749,0.000,19831001,173500,63300.000
FRF,1097,336,36.1880700996,-75.7494872338,901931.506,275255.190,378.966,1098.688,-4.643,0.000,19831001,173500,63300.000
FRF,1097,336,36.1881466617,-75.7491680194,901959.925,275264.621,408.897,1097.817,-4.444,0.000,19831001,173500,63300.000
FRF,1097,336,36.1881973758,-75.7489997923,901974.865,275270.741,425.029,1098.451,-4.417,0.000,19831001,173500,63300.000
FRF,1097,336,36.1882766591,-75.7487645563,901995.725,275280.227,447.876,1100.220,-4.505,0.000,19831001,173500,63300.000
FRF,1097,336,36.1883913455,-75.7484257762,902025.765,275293.944,480.797,1102.821,-4.838,0.000,19831001,173500,63300.000
FRF,1097,336,36.1884640906,-75.7482630761,902040.127,275302.491,497.218,1105.933,-5.039,0.000,19831001,173500,63300.000
FRF,1097,336,36.1885480173,-75.7478295400,902078.798,275313.076,537.175,1102.636,-5.621,0.000,19831001,173500,63300.000
FRF,1097,336,36.1886150632,-75.7474249429,902114.927,275321.704,574.075,1098.370,-6.042,0.000,19831001,173500,63300.000
FRF,1097,336,36.1887147591,-75.7469825150,902154.340,275334.064,615.337,1096.487,-6.487,0.000,19831001,173500,63300.000
FRF,1097,336,36.1888613842,-75.7464922001,902197.886,275351.771,662.314,1098.211,-6.889,0.000,19831001,173500,63300.000
FRF,1097,336,36.1889879964,-75.7460805198,902234.436,275367.026,701.878,1100.028,-7.191,0.000,19831001,173500,63300.000
FRF,1097,336,36.1890784887,-75.7456704263,902270.974,275378.271,740.058,1098.081,-7.459,0.000,19831001,173500,63300.000
FRF,1097,336,36.1891508536,-75.7452832226,902305.521,275387.438,775.655,1094.864,-7.678,0.000,19831001,173500,63300.000
FRF,1097,336,36.1893020719,-75.7448342005,902345.338,275405.533,819.261,1098.230,-7.919,0.000,19831001,173500,63300.000
FRF,1097,336,36.1894211164,-75.7444947434,902375.422,275419.736,852.390,1101.273,-8.090,0.000,19831001,173500,63300.000
FRF,1097,336,36.1895226677,-75.7441288505,902407.946,275432.078,887.174,1101.731,-8.245,0.000,19831001,173500,63300.000
FRF,1097,336,36.1895841442,-75.7438803850,902430.059,275439.629,910.536,1101.253,-8.370,0.000,19831001,173500,63300.000
FRF,1097,336,36.1895716731,-75.7437472696,902442.072,275438.638,921.483,1096.209,-8.486,0.000,19830918,181500,65700.000
FRF,1097,336,36.1896647668,-75.7434072050,902472.305,275449.966,953.767,1096.499,-8.626,0.000,19830918,181500,65700.000
FRF,1097,336,36.1897840987,-75.7430345189,902505.374,275464.300,989.746,1098.642,-8.837,0.000,19830918,181500,65700.000
